"state","sex","year","gkv_pop","diag_prop","thc_dev","thc_dev_lag_0","thc_dev_lag_1","thc_dev_lag_2","thc_dev_lag_3","thc_dev_lag_4","thc_dev_lag_5","thc_dev_lag_6","thc_dev_lag_7","thc_dev_lag_8","thc_dev_lag_9","thc_dev_lag_10"
"Baden-Württemberg","men",2009,2772834,1.92465305132058,-1.5,-1.5,NA,NA,NA,NA,NA,NA,NA,NA,NA,NA
"Baden-Württemberg","men",2010,2777908,2.05384671099331,-0.699999999999999,-0.699999999999999,-1.5,NA,NA,NA,NA,NA,NA,NA,NA,NA
"Baden-Württemberg","men",2011,2785595,2.06878911680705,-1.5,-1.5,-0.699999999999999,-1.5,NA,NA,NA,NA,NA,NA,NA,NA
"Baden-Württemberg","men",2012,2811309,2.24150629589537,-0.5,-0.5,-1.5,-0.699999999999999,-1.5,NA,NA,NA,NA,NA,NA,NA
"Baden-Württemberg","men",2013,2838107,2.43046274831054,0,0,-0.5,-1.5,-0.699999999999999,-1.5,NA,NA,NA,NA,NA,NA
"Baden-Württemberg","men",2014,2878977,2.36679439496691,0.5,0.5,0,-0.5,-1.5,-0.699999999999999,-1.5,NA,NA,NA,NA,NA
"Baden-Württemberg","men",2015,2924696,2.39490614757776,0.9,0.9,0.5,0,-0.5,-1.5,-0.699999999999999,-1.5,NA,NA,NA,NA
"Baden-Württemberg","men",2016,2979266,2.56725243486056,1.3,1.3,0.9,0.5,0,-0.5,-1.5,-0.699999999999999,-1.5,NA,NA,NA
"Baden-Württemberg","men",2017,3036205,2.81224986523674,1.6,1.6,1.3,0.9,0.5,0,-0.5,-1.5,-0.699999999999999,-1.5,NA,NA
"Baden-Württemberg","men",2018,3089677,3.18488848471357,1.4,1.4,1.6,1.3,0.9,0.5,0,-0.5,-1.5,-0.699999999999999,-1.5,NA
"Baden-Württemberg","men",2019,3084687,3.62816607524017,3,3,1.4,1.6,1.3,0.9,0.5,0,-0.5,-1.5,-0.699999999999999,-1.5
"Baden-Württemberg","men",2020,3099586,3.64465260409854,3.3,3.3,3,1.4,1.6,1.3,0.9,0.5,0,-0.5,-1.5,-0.699999999999999
"Baden-Württemberg","men",2021,3079548,3.74559257328859,3.5,3.5,3.3,3,1.4,1.6,1.3,0.9,0.5,0,-0.5,-1.5
"Baden-Württemberg","total",2009,5787362,1.55826495363455,-1.5,-1.5,NA,NA,NA,NA,NA,NA,NA,NA,NA,NA
"Baden-Württemberg","total",2010,5795325,1.64923701416124,-0.699999999999999,-0.699999999999999,-1.5,NA,NA,NA,NA,NA,NA,NA,NA,NA
"Baden-Württemberg","total",2011,5807865,1.66666607155136,-1.5,-1.5,-0.699999999999999,-1.5,NA,NA,NA,NA,NA,NA,NA,NA
"Baden-Württemberg","total",2012,5846644,1.79612624823664,-0.5,-0.5,-1.5,-0.699999999999999,-1.5,NA,NA,NA,NA,NA,NA,NA
"Baden-Württemberg","total",2013,5888054,1.92336043785666,0,0,-0.5,-1.5,-0.699999999999999,-1.5,NA,NA,NA,NA,NA,NA
"Baden-Württemberg","total",2014,5942642,1.8677987394563,0.5,0.5,0,-0.5,-1.5,-0.699999999999999,-1.5,NA,NA,NA,NA,NA
"Baden-Württemberg","total",2015,6008081,1.89960163017767,0.9,0.9,0.5,0,-0.5,-1.5,-0.699999999999999,-1.5,NA,NA,NA,NA
"Baden-Württemberg","total",2016,6081777,2.02126052333227,1.3,1.3,0.9,0.5,0,-0.5,-1.5,-0.699999999999999,-1.5,NA,NA,NA
"Baden-Württemberg","total",2017,6158980,2.219941157187,1.6,1.6,1.3,0.9,0.5,0,-0.5,-1.5,-0.699999999999999,-1.5,NA,NA
"Baden-Württemberg","total",2018,6227931,2.5018642009575,1.4,1.4,1.6,1.3,0.9,0.5,0,-0.5,-1.5,-0.699999999999999,-1.5,NA
"Baden-Württemberg","total",2019,6220265,2.83800588521396,3,3,1.4,1.6,1.3,0.9,0.5,0,-0.5,-1.5,-0.699999999999999,-1.5
"Baden-Württemberg","total",2020,6239184,2.82481691790335,3.3,3.3,3,1.4,1.6,1.3,0.9,0.5,0,-0.5,-1.5,-0.699999999999999
"Baden-Württemberg","total",2021,6196738,2.9004105252537,3.5,3.5,3.3,3,1.4,1.6,1.3,0.9,0.5,0,-0.5,-1.5
"Baden-Württemberg","women",2009,3014528,0.963890917790535,-1.5,-1.5,NA,NA,NA,NA,NA,NA,NA,NA,NA,NA
"Baden-Württemberg","women",2010,3017417,1.00171978928275,-0.699999999999999,-0.699999999999999,-1.5,NA,NA,NA,NA,NA,NA,NA,NA,NA
"Baden-Württemberg","women",2011,3022270,1.02320035780162,-1.5,-1.5,-0.699999999999999,-1.5,NA,NA,NA,NA,NA,NA,NA,NA
"Baden-Württemberg","women",2012,3035335,1.09048603502966,-0.5,-0.5,-1.5,-0.699999999999999,-1.5,NA,NA,NA,NA,NA,NA,NA
"Baden-Württemberg","women",2013,3049947,1.12619493784568,0,0,-0.5,-1.5,-0.699999999999999,-1.5,NA,NA,NA,NA,NA,NA
"Baden-Württemberg","women",2014,3063665,1.0854624229054,0.5,0.5,0,-0.5,-1.5,-0.699999999999999,-1.5,NA,NA,NA,NA,NA
"Baden-Württemberg","women",2015,3083385,1.13118400285156,0.9,0.9,0.5,0,-0.5,-1.5,-0.699999999999999,-1.5,NA,NA,NA,NA
"Baden-Württemberg","women",2016,3102511,1.1668735114228,1.3,1.3,0.9,0.5,0,-0.5,-1.5,-0.699999999999999,-1.5,NA,NA,NA
"Baden-Württemberg","women",2017,3122775,1.28911239344517,1.6,1.6,1.3,0.9,0.5,0,-0.5,-1.5,-0.699999999999999,-1.5,NA,NA
"Baden-Württemberg","women",2018,3138254,1.42292503045582,1.4,1.4,1.6,1.3,0.9,0.5,0,-0.5,-1.5,-0.699999999999999,-1.5,NA
"Baden-Württemberg","women",2019,3135578,1.6159936300202,3,3,1.4,1.6,1.3,0.9,0.5,0,-0.5,-1.5,-0.699999999999999,-1.5
"Baden-Württemberg","women",2020,3139598,1.57434210832504,3.3,3.3,3,1.4,1.6,1.3,0.9,0.5,0,-0.5,-1.5,-0.699999999999999
"Baden-Württemberg","women",2021,3117190,1.6361589984306,3.5,3.5,3.3,3,1.4,1.6,1.3,0.9,0.5,0,-0.5,-1.5
"Bayern","men",2009,3253827,2.42378803395412,-2.5,-2.5,NA,NA,NA,NA,NA,NA,NA,NA,NA,NA
"Bayern","men",2010,3269122,2.2027748607421,-1.9,-1.9,-2.5,NA,NA,NA,NA,NA,NA,NA,NA,NA
"Bayern","men",2011,3288603,2.20241689229993,-2.1,-2.1,-1.9,-2.5,NA,NA,NA,NA,NA,NA,NA,NA
"Bayern","men",2012,3325063,2.13511694370593,-1.8,-1.8,-2.1,-1.9,-2.5,NA,NA,NA,NA,NA,NA,NA
"Bayern","men",2013,3361268,2.22960017833183,-0.9,-0.9,-1.8,-2.1,-1.9,-2.5,NA,NA,NA,NA,NA,NA
"Bayern","men",2014,3422809,2.32438866761122,-0.0999999999999996,-0.0999999999999996,-0.9,-1.8,-2.1,-1.9,-2.5,NA,NA,NA,NA,NA
"Bayern","men",2015,3471437,2.46956563925044,0,0,-0.0999999999999996,-0.9,-1.8,-2.1,-1.9,-2.5,NA,NA,NA,NA
"Bayern","men",2016,3535924,2.50679636932984,0.0999999999999996,0.0999999999999996,0,-0.0999999999999996,-0.9,-1.8,-2.1,-1.9,-2.5,NA,NA,NA
"Bayern","men",2017,3611793,2.75844330504994,0.6,0.6,0.0999999999999996,0,-0.0999999999999996,-0.9,-1.8,-2.1,-1.9,-2.5,NA,NA
"Bayern","men",2018,3662685,2.94627966082888,0.4,0.4,0.6,0.0999999999999996,0,-0.0999999999999996,-0.9,-1.8,-2.1,-1.9,-2.5,NA
"Bayern","men",2019,3659863,3.30051427515277,0.4,0.4,0.4,0.6,0.0999999999999996,0,-0.0999999999999996,-0.9,-1.8,-2.1,-1.9,-2.5
"Bayern","men",2020,3678589,3.3793092039837,1.9,1.9,0.4,0.4,0.6,0.0999999999999996,0,-0.0999999999999996,-0.9,-1.8,-2.1,-1.9
"Bayern","men",2021,3669422,3.37655592979127,1.9,1.9,1.9,0.4,0.4,0.6,0.0999999999999996,0,-0.0999999999999996,-0.9,-1.8,-2.1
"Bayern","total",2009,6831219,1.96850088641326,-2.5,-2.5,NA,NA,NA,NA,NA,NA,NA,NA,NA,NA
"Bayern","total",2010,6858459,1.77572610064746,-1.9,-1.9,-2.5,NA,NA,NA,NA,NA,NA,NA,NA,NA
"Bayern","total",2011,6887706,1.78048021519208,-2.1,-2.1,-1.9,-2.5,NA,NA,NA,NA,NA,NA,NA,NA
"Bayern","total",2012,6941714,1.69010481113681,-1.8,-1.8,-2.1,-1.9,-2.5,NA,NA,NA,NA,NA,NA,NA
"Bayern","total",2013,6997193,1.76622181479929,-0.9,-0.9,-1.8,-2.1,-1.9,-2.5,NA,NA,NA,NA,NA,NA
"Bayern","total",2014,7086257,1.82472544328292,-0.0999999999999996,-0.0999999999999996,-0.9,-1.8,-2.1,-1.9,-2.5,NA,NA,NA,NA,NA
"Bayern","total",2015,7157150,1.94182983000211,0,0,-0.0999999999999996,-0.9,-1.8,-2.1,-1.9,-2.5,NA,NA,NA,NA
"Bayern","total",2016,7246188,1.97816631249052,0.0999999999999996,0.0999999999999996,0,-0.0999999999999996,-0.9,-1.8,-2.1,-1.9,-2.5,NA,NA,NA
"Bayern","total",2017,7349291,2.17525313872374,0.6,0.6,0.0999999999999996,0,-0.0999999999999996,-0.9,-1.8,-2.1,-1.9,-2.5,NA,NA
"Bayern","total",2018,7417181,2.32796323766745,0.4,0.4,0.6,0.0999999999999996,0,-0.0999999999999996,-0.9,-1.8,-2.1,-1.9,-2.5,NA
"Bayern","total",2019,7418475,2.58194192163517,0.4,0.4,0.4,0.6,0.0999999999999996,0,-0.0999999999999996,-0.9,-1.8,-2.1,-1.9,-2.5
"Bayern","total",2020,7444491,2.63708114368079,1.9,1.9,0.4,0.4,0.6,0.0999999999999996,0,-0.0999999999999996,-0.9,-1.8,-2.1,-1.9
"Bayern","total",2021,7418838,2.65490570200594,1.9,1.9,1.9,0.4,0.4,0.6,0.0999999999999996,0,-0.0999999999999996,-0.9,-1.8,-2.1
"Bayern","women",2009,3577392,1.24667177816781,-2.5,-2.5,NA,NA,NA,NA,NA,NA,NA,NA,NA,NA
"Bayern","women",2010,3589337,1.10700741792833,-1.9,-1.9,-2.5,NA,NA,NA,NA,NA,NA,NA,NA,NA
"Bayern","women",2011,3599103,1.12087983812447,-2.1,-2.1,-1.9,-2.5,NA,NA,NA,NA,NA,NA,NA,NA
"Bayern","women",2012,3616651,0.992961465012931,-1.8,-1.8,-2.1,-1.9,-2.5,NA,NA,NA,NA,NA,NA,NA
"Bayern","women",2013,3635925,1.04864572526388,-0.9,-0.9,-1.8,-2.1,-1.9,-2.5,NA,NA,NA,NA,NA,NA
"Bayern","women",2014,3663448,1.04710446285792,-0.0999999999999996,-0.0999999999999996,-0.9,-1.8,-2.1,-1.9,-2.5,NA,NA,NA,NA,NA
"Bayern","women",2015,3685713,1.12635307331892,0,0,-0.0999999999999996,-0.9,-1.8,-2.1,-1.9,-2.5,NA,NA,NA,NA
"Bayern","women",2016,3710264,1.15753966286646,0.0999999999999996,0.0999999999999996,0,-0.0999999999999996,-0.9,-1.8,-2.1,-1.9,-2.5,NA,NA,NA
"Bayern","women",2017,3737498,1.26315853958353,0.6,0.6,0.0999999999999996,0,-0.0999999999999996,-0.9,-1.8,-2.1,-1.9,-2.5,NA,NA
"Bayern","women",2018,3754496,1.36482822816439,0.4,0.4,0.6,0.0999999999999996,0,-0.0999999999999996,-0.9,-1.8,-2.1,-1.9,-2.5,NA
"Bayern","women",2019,3758612,1.48495928608205,0.4,0.4,0.4,0.6,0.0999999999999996,0,-0.0999999999999996,-0.9,-1.8,-2.1,-1.9,-2.5
"Bayern","women",2020,3765902,1.51849627965194,1.9,1.9,0.4,0.4,0.6,0.0999999999999996,0,-0.0999999999999996,-0.9,-1.8,-2.1,-1.9
"Bayern","women",2021,3749416,1.58708101278921,1.9,1.9,1.9,0.4,0.4,0.6,0.0999999999999996,0,-0.0999999999999996,-0.9,-1.8,-2.1
"Berlin","men",2009,875410,2.72855777043663,1.5,1.5,NA,NA,NA,NA,NA,NA,NA,NA,NA,NA
"Berlin","men",2010,881003,2.87802591536518,0.9,0.9,1.5,NA,NA,NA,NA,NA,NA,NA,NA,NA
"Berlin","men",2011,884270,2.86046245225159,0.800000000000001,0.800000000000001,0.9,1.5,NA,NA,NA,NA,NA,NA,NA,NA
"Berlin","men",2012,902031,2.96755624721068,0.0999999999999996,0.0999999999999996,0.800000000000001,0.9,1.5,NA,NA,NA,NA,NA,NA,NA
"Berlin","men",2013,914781,3.49062306281844,0.0999999999999996,0.0999999999999996,0.0999999999999996,0.800000000000001,0.9,1.5,NA,NA,NA,NA,NA,NA
"Berlin","men",2014,935322,3.65367901996682,1,1,0.0999999999999996,0.0999999999999996,0.800000000000001,0.9,1.5,NA,NA,NA,NA,NA
"Berlin","men",2015,953436,3.75727916456921,1.1,1.1,1,0.0999999999999996,0.0999999999999996,0.800000000000001,0.9,1.5,NA,NA,NA,NA
"Berlin","men",2016,975225,3.65111370456362,0.699999999999999,0.699999999999999,1.1,1,0.0999999999999996,0.0999999999999996,0.800000000000001,0.9,1.5,NA,NA,NA
"Berlin","men",2017,1003632,3.76276290279417,1.7,1.7,0.699999999999999,1.1,1,0.0999999999999996,0.0999999999999996,0.800000000000001,0.9,1.5,NA,NA
"Berlin","men",2018,1019346,3.75710815596066,3.1,3.1,1.7,0.699999999999999,1.1,1,0.0999999999999996,0.0999999999999996,0.800000000000001,0.9,1.5,NA
"Berlin","men",2019,1030018,3.81856715255597,2.2,2.2,3.1,1.7,0.699999999999999,1.1,1,0.0999999999999996,0.0999999999999996,0.800000000000001,0.9,1.5
"Berlin","men",2020,1044934,3.75969163773178,2.2,2.2,2.2,3.1,1.7,0.699999999999999,1.1,1,0.0999999999999996,0.0999999999999996,0.800000000000001,0.9
"Berlin","men",2021,1051985,3.9519257394438,1.9,1.9,2.2,2.2,3.1,1.7,0.699999999999999,1.1,1,0.0999999999999996,0.0999999999999996,0.800000000000001
"Berlin","total",2009,1832636,2.36833915877657,1.5,1.5,NA,NA,NA,NA,NA,NA,NA,NA,NA,NA
"Berlin","total",2010,1843136,2.46376036332806,0.9,0.9,1.5,NA,NA,NA,NA,NA,NA,NA,NA,NA
"Berlin","total",2011,1852715,2.41962638660145,0.800000000000001,0.800000000000001,0.9,1.5,NA,NA,NA,NA,NA,NA,NA,NA
"Berlin","total",2012,1886579,2.48960504574906,0.0999999999999996,0.0999999999999996,0.800000000000001,0.9,1.5,NA,NA,NA,NA,NA,NA,NA
"Berlin","total",2013,1909833,2.88295624685526,0.0999999999999996,0.0999999999999996,0.0999999999999996,0.800000000000001,0.9,1.5,NA,NA,NA,NA,NA,NA
"Berlin","total",2014,1943605,3.05469837754168,1,1,0.0999999999999996,0.0999999999999996,0.800000000000001,0.9,1.5,NA,NA,NA,NA,NA
"Berlin","total",2015,1971640,3.0982229803122,1.1,1.1,1,0.0999999999999996,0.0999999999999996,0.800000000000001,0.9,1.5,NA,NA,NA,NA
"Berlin","total",2016,2007118,3.05447322432838,0.699999999999999,0.699999999999999,1.1,1,0.0999999999999996,0.0999999999999996,0.800000000000001,0.9,1.5,NA,NA,NA
"Berlin","total",2017,2050566,3.11939443605774,1.7,1.7,0.699999999999999,1.1,1,0.0999999999999996,0.0999999999999996,0.800000000000001,0.9,1.5,NA,NA
"Berlin","total",2018,2076030,3.0917337698243,3.1,3.1,1.7,0.699999999999999,1.1,1,0.0999999999999996,0.0999999999999996,0.800000000000001,0.9,1.5,NA
"Berlin","total",2019,2095289,3.10735094616662,2.2,2.2,3.1,1.7,0.699999999999999,1.1,1,0.0999999999999996,0.0999999999999996,0.800000000000001,0.9,1.5
"Berlin","total",2020,2121058,3.06891465802125,2.2,2.2,2.2,3.1,1.7,0.699999999999999,1.1,1,0.0999999999999996,0.0999999999999996,0.800000000000001,0.9
"Berlin","total",2021,2132754,3.22972831954591,1.9,1.9,2.2,2.2,3.1,1.7,0.699999999999999,1.1,1,0.0999999999999996,0.0999999999999996,0.800000000000001
"Berlin","women",2009,957226,1.84423173073005,1.5,1.5,NA,NA,NA,NA,NA,NA,NA,NA,NA,NA
"Berlin","women",2010,962133,1.85476724095156,0.9,0.9,1.5,NA,NA,NA,NA,NA,NA,NA,NA,NA
"Berlin","women",2011,968445,1.76301451995879,0.800000000000001,0.800000000000001,0.9,1.5,NA,NA,NA,NA,NA,NA,NA,NA
"Berlin","women",2012,984548,1.78171893753303,0.0999999999999996,0.0999999999999996,0.800000000000001,0.9,1.5,NA,NA,NA,NA,NA,NA,NA
"Berlin","women",2013,995052,1.98246262169621,0.0999999999999996,0.0999999999999996,0.0999999999999996,0.800000000000001,0.9,1.5,NA,NA,NA,NA,NA,NA
"Berlin","women",2014,1008283,2.17561231878093,1,1,0.0999999999999996,0.0999999999999996,0.800000000000001,0.9,1.5,NA,NA,NA,NA,NA
"Berlin","women",2015,1018204,2.12455596395511,1.1,1.1,1,0.0999999999999996,0.0999999999999996,0.800000000000001,0.9,1.5,NA,NA,NA,NA
"Berlin","women",2016,1031893,2.1793065475,0.699999999999999,0.699999999999999,1.1,1,0.0999999999999996,0.0999999999999996,0.800000000000001,0.9,1.5,NA,NA,NA
"Berlin","women",2017,1046934,2.15937882227461,1.7,1.7,0.699999999999999,1.1,1,0.0999999999999996,0.0999999999999996,0.800000000000001,0.9,1.5,NA,NA
"Berlin","women",2018,1056684,2.10144383981888,3.1,3.1,1.7,0.699999999999999,1.1,1,0.0999999999999996,0.0999999999999996,0.800000000000001,0.9,1.5,NA
"Berlin","women",2019,1065271,2.05845242910374,2.2,2.2,3.1,1.7,0.699999999999999,1.1,1,0.0999999999999996,0.0999999999999996,0.800000000000001,0.9,1.5
"Berlin","women",2020,1076124,2.06133799233227,2.2,2.2,2.2,3.1,1.7,0.699999999999999,1.1,1,0.0999999999999996,0.0999999999999996,0.800000000000001,0.9
"Berlin","women",2021,1080769,2.190861925242,1.9,1.9,2.2,2.2,3.1,1.7,0.699999999999999,1.1,1,0.0999999999999996,0.0999999999999996,0.800000000000001
"Brandenburg","men",2009,704900,1.16910255936935,-2.8,-2.8,NA,NA,NA,NA,NA,NA,NA,NA,NA,NA
"Brandenburg","men",2010,696914,1.51151145982228,1.1,1.1,-2.8,NA,NA,NA,NA,NA,NA,NA,NA,NA
"Brandenburg","men",2011,690332,1.87864766403757,-4.3,-4.3,1.1,-2.8,NA,NA,NA,NA,NA,NA,NA,NA
"Brandenburg","men",2012,685880,2.1439704761116,-2.4,-2.4,-4.3,1.1,-2.8,NA,NA,NA,NA,NA,NA,NA
"Brandenburg","men",2013,683119,2.55940692977941,-1.2,-1.2,-2.4,-4.3,1.1,-2.8,NA,NA,NA,NA,NA,NA
"Brandenburg","men",2014,682221,2.37467157086704,-1.9,-1.9,-1.2,-2.4,-4.3,1.1,-2.8,NA,NA,NA,NA,NA
"Brandenburg","men",2015,680623,2.80026466632179,-2.1,-2.1,-1.9,-1.2,-2.4,-4.3,1.1,-2.8,NA,NA,NA,NA
"Brandenburg","men",2016,684043,2.93974824120038,-0.6,-0.6,-2.1,-1.9,-1.2,-2.4,-4.3,1.1,-2.8,NA,NA,NA
"Brandenburg","men",2017,685547,3.05252329100152,-0.0999999999999996,-0.0999999999999996,-0.6,-2.1,-1.9,-1.2,-2.4,-4.3,1.1,-2.8,NA,NA
"Brandenburg","men",2018,684681,3.27481025356058,-1.5,-1.5,-0.0999999999999996,-0.6,-2.1,-1.9,-1.2,-2.4,-4.3,1.1,-2.8,NA
"Brandenburg","men",2019,681437,3.45004953498098,-0.300000000000001,-0.300000000000001,-1.5,-0.0999999999999996,-0.6,-2.1,-1.9,-1.2,-2.4,-4.3,1.1,-2.8
"Brandenburg","men",2020,679540,3.35714130499326,0.0999999999999996,0.0999999999999996,-0.300000000000001,-1.5,-0.0999999999999996,-0.6,-2.1,-1.9,-1.2,-2.4,-4.3,1.1
"Brandenburg","men",2021,677515,3.46963820085297,-1.2,-1.2,0.0999999999999996,-0.300000000000001,-1.5,-0.0999999999999996,-0.6,-2.1,-1.9,-1.2,-2.4,-4.3
"Brandenburg","total",2009,1431544,1.06682266396663,-2.8,-2.8,NA,NA,NA,NA,NA,NA,NA,NA,NA,NA
"Brandenburg","total",2010,1416333,1.2835240005039,1.1,1.1,-2.8,NA,NA,NA,NA,NA,NA,NA,NA,NA
"Brandenburg","total",2011,1404373,1.56960020309973,-4.3,-4.3,1.1,-2.8,NA,NA,NA,NA,NA,NA,NA,NA
"Brandenburg","total",2012,1394813,1.8351140903508,-2.4,-2.4,-4.3,1.1,-2.8,NA,NA,NA,NA,NA,NA,NA
"Brandenburg","total",2013,1389063,2.13181819576685,-1.2,-1.2,-2.4,-4.3,1.1,-2.8,NA,NA,NA,NA,NA,NA
"Brandenburg","total",2014,1385888,2.02776407580023,-1.9,-1.9,-1.2,-2.4,-4.3,1.1,-2.8,NA,NA,NA,NA,NA
"Brandenburg","total",2015,1381621,2.34115861952417,-2.1,-2.1,-1.9,-1.2,-2.4,-4.3,1.1,-2.8,NA,NA,NA,NA
"Brandenburg","total",2016,1383444,2.4464324801284,-0.6,-0.6,-2.1,-1.9,-1.2,-2.4,-4.3,1.1,-2.8,NA,NA,NA
"Brandenburg","total",2017,1382823,2.56921216650099,-0.0999999999999996,-0.0999999999999996,-0.6,-2.1,-1.9,-1.2,-2.4,-4.3,1.1,-2.8,NA,NA
"Brandenburg","total",2018,1378318,2.69610141753488,-1.5,-1.5,-0.0999999999999996,-0.6,-2.1,-1.9,-1.2,-2.4,-4.3,1.1,-2.8,NA
"Brandenburg","total",2019,1371576,2.81287666980661,-0.300000000000001,-0.300000000000001,-1.5,-0.0999999999999996,-0.6,-2.1,-1.9,-1.2,-2.4,-4.3,1.1,-2.8
"Brandenburg","total",2020,1367922,2.7379607955002,0.0999999999999996,0.0999999999999996,-0.300000000000001,-1.5,-0.0999999999999996,-0.6,-2.1,-1.9,-1.2,-2.4,-4.3,1.1
"Brandenburg","total",2021,1363375,2.82759086418743,-1.2,-1.2,0.0999999999999996,-0.300000000000001,-1.5,-0.0999999999999996,-0.6,-2.1,-1.9,-1.2,-2.4,-4.3
"Brandenburg","women",2009,726644,0.920287340644236,-2.8,-2.8,NA,NA,NA,NA,NA,NA,NA,NA,NA,NA
"Brandenburg","women",2010,719419,0.907433217334959,1.1,1.1,-2.8,NA,NA,NA,NA,NA,NA,NA,NA,NA
"Brandenburg","women",2011,714041,1.04602404390174,-4.3,-4.3,1.1,-2.8,NA,NA,NA,NA,NA,NA,NA,NA
"Brandenburg","women",2012,708933,1.33151271474961,-2.4,-2.4,-4.3,1.1,-2.8,NA,NA,NA,NA,NA,NA,NA
"Brandenburg","women",2013,705944,1.43391057789886,-1.2,-1.2,-2.4,-4.3,1.1,-2.8,NA,NA,NA,NA,NA,NA
"Brandenburg","women",2014,703667,1.4812445539466,-1.9,-1.9,-1.2,-2.4,-4.3,1.1,-2.8,NA,NA,NA,NA,NA
"Brandenburg","women",2015,700998,1.62168757649638,-2.1,-2.1,-1.9,-1.2,-2.4,-4.3,1.1,-2.8,NA,NA,NA,NA
"Brandenburg","women",2016,699401,1.66880423519234,-0.6,-0.6,-2.1,-1.9,-1.2,-2.4,-4.3,1.1,-2.8,NA,NA,NA
"Brandenburg","women",2017,697276,1.81590859317439,-0.0999999999999996,-0.0999999999999996,-0.6,-2.1,-1.9,-1.2,-2.4,-4.3,1.1,-2.8,NA,NA
"Brandenburg","women",2018,693637,1.79343019816297,-1.5,-1.5,-0.0999999999999996,-0.6,-2.1,-1.9,-1.2,-2.4,-4.3,1.1,-2.8,NA
"Brandenburg","women",2019,690139,1.83519869429323,-0.300000000000001,-0.300000000000001,-1.5,-0.0999999999999996,-0.6,-2.1,-1.9,-1.2,-2.4,-4.3,1.1,-2.8
"Brandenburg","women",2020,688382,1.8105287876194,0.0999999999999996,0.0999999999999996,-0.300000000000001,-1.5,-0.0999999999999996,-0.6,-2.1,-1.9,-1.2,-2.4,-4.3,1.1
"Brandenburg","women",2021,685860,1.88388484154257,-1.2,-1.2,0.0999999999999996,-0.300000000000001,-1.5,-0.0999999999999996,-0.6,-2.1,-1.9,-1.2,-2.4,-4.3
"Bremen","men",2009,177370,4.91845803125325,-2.4,-2.4,NA,NA,NA,NA,NA,NA,NA,NA,NA,NA
"Bremen","men",2010,178413,5.26600793911495,-0.6,-0.6,-2.4,NA,NA,NA,NA,NA,NA,NA,NA,NA
"Bremen","men",2011,178542,4.53426795862415,-0.800000000000001,-0.800000000000001,-0.6,-2.4,NA,NA,NA,NA,NA,NA,NA,NA
"Bremen","men",2012,179591,4.58969660007505,0.699999999999999,0.699999999999999,-0.800000000000001,-0.6,-2.4,NA,NA,NA,NA,NA,NA,NA
"Bremen","men",2013,181026,5.06381665270251,1.1,1.1,0.699999999999999,-0.800000000000001,-0.6,-2.4,NA,NA,NA,NA,NA,NA
"Bremen","men",2014,183582,5.16375904154243,-9.8,-9.8,1.1,0.699999999999999,-0.800000000000001,-0.6,-2.4,NA,NA,NA,NA,NA
"Bremen","men",2015,185738,6.20092207569419,0.6,0.6,-9.8,1.1,0.699999999999999,-0.800000000000001,-0.6,-2.4,NA,NA,NA,NA
"Bremen","men",2016,190368,7.19248854923907,2.9,2.9,0.6,-9.8,1.1,0.699999999999999,-0.800000000000001,-0.6,-2.4,NA,NA,NA
"Bremen","men",2017,194762,7.62738817624638,2.1,2.1,2.9,0.6,-9.8,1.1,0.699999999999999,-0.800000000000001,-0.6,-2.4,NA,NA
"Bremen","men",2018,196287,7.58779217538024,3.1,3.1,2.1,2.9,0.6,-9.8,1.1,0.699999999999999,-0.800000000000001,-0.6,-2.4,NA
"Bremen","men",2019,196724,7.83316211864587,2.8,2.8,3.1,2.1,2.9,0.6,-9.8,1.1,0.699999999999999,-0.800000000000001,-0.6,-2.4
"Bremen","men",2020,198968,7.15308375516618,1.2,1.2,2.8,3.1,2.1,2.9,0.6,-9.8,1.1,0.699999999999999,-0.800000000000001,-0.6
"Bremen","men",2021,198044,7.22947012729853,0.4,0.4,1.2,2.8,3.1,2.1,2.9,0.6,-9.8,1.1,0.699999999999999,-0.800000000000001
"Bremen","total",2009,366567,4.24919419708857,-2.4,-2.4,NA,NA,NA,NA,NA,NA,NA,NA,NA,NA
"Bremen","total",2010,368368,4.4660471481586,-0.6,-0.6,-2.4,NA,NA,NA,NA,NA,NA,NA,NA,NA
"Bremen","total",2011,367834,3.82300077197644,-0.800000000000001,-0.800000000000001,-0.6,-2.4,NA,NA,NA,NA,NA,NA,NA,NA
"Bremen","total",2012,369210,3.85777744608131,0.699999999999999,0.699999999999999,-0.800000000000001,-0.6,-2.4,NA,NA,NA,NA,NA,NA,NA
"Bremen","total",2013,370709,4.31854088504258,1.1,1.1,0.699999999999999,-0.800000000000001,-0.6,-2.4,NA,NA,NA,NA,NA,NA
"Bremen","total",2014,374275,4.21070453235981,-9.8,-9.8,1.1,0.699999999999999,-0.800000000000001,-0.6,-2.4,NA,NA,NA,NA,NA
"Bremen","total",2015,376894,5.05778196962286,0.6,0.6,-9.8,1.1,0.699999999999999,-0.800000000000001,-0.6,-2.4,NA,NA,NA,NA
"Bremen","total",2016,382943,5.83191172421048,2.9,2.9,0.6,-9.8,1.1,0.699999999999999,-0.800000000000001,-0.6,-2.4,NA,NA,NA
"Bremen","total",2017,389500,6.15673682329411,2.1,2.1,2.9,0.6,-9.8,1.1,0.699999999999999,-0.800000000000001,-0.6,-2.4,NA,NA
"Bremen","total",2018,391525,6.06657392889976,3.1,3.1,2.1,2.9,0.6,-9.8,1.1,0.699999999999999,-0.800000000000001,-0.6,-2.4,NA
"Bremen","total",2019,391950,6.18559987363061,2.8,2.8,3.1,2.1,2.9,0.6,-9.8,1.1,0.699999999999999,-0.800000000000001,-0.6,-2.4
"Bremen","total",2020,394913,5.77993856578725,1.2,1.2,2.8,3.1,2.1,2.9,0.6,-9.8,1.1,0.699999999999999,-0.800000000000001,-0.6
"Bremen","total",2021,392210,5.80855992807553,0.4,0.4,1.2,2.8,3.1,2.1,2.9,0.6,-9.8,1.1,0.699999999999999,-0.800000000000001
"Bremen","women",2009,189197,3.18045071403118,-2.4,-2.4,NA,NA,NA,NA,NA,NA,NA,NA,NA,NA
"Bremen","women",2010,189955,3.18180918373711,-0.6,-0.6,-2.4,NA,NA,NA,NA,NA,NA,NA,NA,NA
"Bremen","women",2011,189292,2.67054768680296,-0.800000000000001,-0.800000000000001,-0.6,-2.4,NA,NA,NA,NA,NA,NA,NA,NA
"Bremen","women",2012,189619,2.68917055250354,0.699999999999999,0.699999999999999,-0.800000000000001,-0.6,-2.4,NA,NA,NA,NA,NA,NA,NA
"Bremen","women",2013,189683,3.15190505345763,1.1,1.1,0.699999999999999,-0.800000000000001,-0.6,-2.4,NA,NA,NA,NA,NA,NA
"Bremen","women",2014,190693,2.68913600002919,-9.8,-9.8,1.1,0.699999999999999,-0.800000000000001,-0.6,-2.4,NA,NA,NA,NA,NA
"Bremen","women",2015,191156,3.24701818920847,0.6,0.6,-9.8,1.1,0.699999999999999,-0.800000000000001,-0.6,-2.4,NA,NA,NA,NA
"Bremen","women",2016,192575,3.63229496704256,2.9,2.9,0.6,-9.8,1.1,0.699999999999999,-0.800000000000001,-0.6,-2.4,NA,NA,NA
"Bremen","women",2017,194738,3.76279548959745,2.1,2.1,2.9,0.6,-9.8,1.1,0.699999999999999,-0.800000000000001,-0.6,-2.4,NA,NA
"Bremen","women",2018,195238,3.6108715942552,3.1,3.1,2.1,2.9,0.6,-9.8,1.1,0.699999999999999,-0.800000000000001,-0.6,-2.4,NA
"Bremen","women",2019,195226,3.55528435731363,2.8,2.8,3.1,2.1,2.9,0.6,-9.8,1.1,0.699999999999999,-0.800000000000001,-0.6,-2.4
"Bremen","women",2020,195945,3.61075246973269,1.2,1.2,2.8,3.1,2.1,2.9,0.6,-9.8,1.1,0.699999999999999,-0.800000000000001,-0.6
"Bremen","women",2021,194166,3.59367888443395,0.4,0.4,1.2,2.8,3.1,2.1,2.9,0.6,-9.8,1.1,0.699999999999999,-0.800000000000001
"Bund","men",2009,21794577,2.25612604285996,-0.800000000000001,-0.800000000000001,NA,NA,NA,NA,NA,NA,NA,NA,NA,NA
"Bund","men",2010,21795334,2.44673194329905,-0.800000000000001,-0.800000000000001,-0.800000000000001,NA,NA,NA,NA,NA,NA,NA,NA,NA
"Bund","men",2011,21814282,2.53503715598053,-1.1,-1.1,-0.800000000000001,-0.800000000000001,NA,NA,NA,NA,NA,NA,NA,NA
"Bund","men",2012,21930054,2.65922722870716,-0.5,-0.5,-1.1,-0.800000000000001,-0.800000000000001,NA,NA,NA,NA,NA,NA,NA
"Bund","men",2013,22037071,2.93044161978565,0.300000000000001,0.300000000000001,-0.5,-1.1,-0.800000000000001,-0.800000000000001,NA,NA,NA,NA,NA,NA
"Bund","men",2014,22261694,3.1243622531959,0.6,0.6,0.300000000000001,-0.5,-1.1,-0.800000000000001,-0.800000000000001,NA,NA,NA,NA,NA
"Bund","men",2015,22461989,3.32607691532286,0.6,0.6,0.6,0.300000000000001,-0.5,-1.1,-0.800000000000001,-0.800000000000001,NA,NA,NA,NA
"Bund","men",2016,22772730,3.56364978064014,0.800000000000001,0.800000000000001,0.6,0.6,0.300000000000001,-0.5,-1.1,-0.800000000000001,-0.800000000000001,NA,NA,NA
"Bund","men",2017,23099976,3.8795129522194,1.1,1.1,0.800000000000001,0.6,0.6,0.300000000000001,-0.5,-1.1,-0.800000000000001,-0.800000000000001,NA,NA
"Bund","men",2018,23297953,4.15784416206898,1.1,1.1,1.1,0.800000000000001,0.6,0.6,0.300000000000001,-0.5,-1.1,-0.800000000000001,-0.800000000000001,NA
"Bund","men",2019,23268759,4.40751001644326,1.7,1.7,1.1,1.1,0.800000000000001,0.6,0.6,0.300000000000001,-0.5,-1.1,-0.800000000000001,-0.800000000000001
"Bund","men",2020,23350932,4.31674585251989,1.7,1.7,1.7,1.1,1.1,0.800000000000001,0.6,0.6,0.300000000000001,-0.5,-1.1,-0.800000000000001
"Bund","men",2021,23251409,4.35645954946952,1.8,1.8,1.7,1.7,1.1,1.1,0.800000000000001,0.6,0.6,0.300000000000001,-0.5,-1.1
"Bund","total",2009,45184015,1.97737136129593,-0.800000000000001,-0.800000000000001,NA,NA,NA,NA,NA,NA,NA,NA,NA,NA
"Bund","total",2010,45169240,2.10641383175841,-0.800000000000001,-0.800000000000001,-0.800000000000001,NA,NA,NA,NA,NA,NA,NA,NA,NA
"Bund","total",2011,45185073,2.11638183644646,-1.1,-1.1,-0.800000000000001,-0.800000000000001,NA,NA,NA,NA,NA,NA,NA,NA
"Bund","total",2012,45337851,2.19736304910817,-0.5,-0.5,-1.1,-0.800000000000001,-0.800000000000001,NA,NA,NA,NA,NA,NA,NA
"Bund","total",2013,45479349,2.40312843867963,0.300000000000001,0.300000000000001,-0.5,-1.1,-0.800000000000001,-0.800000000000001,NA,NA,NA,NA,NA,NA
"Bund","total",2014,45764844,2.5535001612228,0.6,0.6,0.300000000000001,-0.5,-1.1,-0.800000000000001,-0.800000000000001,NA,NA,NA,NA,NA
"Bund","total",2015,46019382,2.70268571334707,0.6,0.6,0.6,0.300000000000001,-0.5,-1.1,-0.800000000000001,-0.800000000000001,NA,NA,NA,NA
"Bund","total",2016,46412093,2.88863620890521,0.800000000000001,0.800000000000001,0.6,0.6,0.300000000000001,-0.5,-1.1,-0.800000000000001,-0.800000000000001,NA,NA,NA
"Bund","total",2017,46829327,3.14308178974936,1.1,1.1,0.800000000000001,0.6,0.6,0.300000000000001,-0.5,-1.1,-0.800000000000001,-0.800000000000001,NA,NA
"Bund","total",2018,47044806,3.35196760215609,1.1,1.1,1.1,0.800000000000001,0.6,0.6,0.300000000000001,-0.5,-1.1,-0.800000000000001,-0.800000000000001,NA
"Bund","total",2019,46975242,3.52653530607905,1.7,1.7,1.1,1.1,0.800000000000001,0.6,0.6,0.300000000000001,-0.5,-1.1,-0.800000000000001,-0.800000000000001
"Bund","total",2020,47061331,3.44464983227553,1.7,1.7,1.7,1.1,1.1,0.800000000000001,0.6,0.6,0.300000000000001,-0.5,-1.1,-0.800000000000001
"Bund","total",2021,46818298,3.47117181345122,1.8,1.8,1.7,1.7,1.1,1.1,0.800000000000001,0.6,0.6,0.300000000000001,-0.5,-1.1
"Bund","women",2009,23389438,1.55092860396617,-0.800000000000001,-0.800000000000001,NA,NA,NA,NA,NA,NA,NA,NA,NA,NA
"Bund","women",2010,23373906,1.58045320047731,-0.800000000000001,-0.800000000000001,-0.800000000000001,NA,NA,NA,NA,NA,NA,NA,NA,NA
"Bund","women",2011,23370791,1.44672368177122,-1.1,-1.1,-0.800000000000001,-0.800000000000001,NA,NA,NA,NA,NA,NA,NA,NA
"Bund","women",2012,23407797,1.46342177412173,-0.5,-0.5,-1.1,-0.800000000000001,-0.800000000000001,NA,NA,NA,NA,NA,NA,NA
"Bund","women",2013,23442278,1.57337266615429,0.300000000000001,0.300000000000001,-0.5,-1.1,-0.800000000000001,-0.800000000000001,NA,NA,NA,NA,NA,NA
"Bund","women",2014,23503150,1.65837598556955,0.6,0.6,0.300000000000001,-0.5,-1.1,-0.800000000000001,-0.800000000000001,NA,NA,NA,NA,NA
"Bund","women",2015,23557393,1.73415919893136,0.6,0.6,0.6,0.300000000000001,-0.5,-1.1,-0.800000000000001,-0.800000000000001,NA,NA,NA,NA
"Bund","women",2016,23639363,1.83410236712813,0.800000000000001,0.800000000000001,0.6,0.6,0.300000000000001,-0.5,-1.1,-0.800000000000001,-0.800000000000001,NA,NA,NA
"Bund","women",2017,23729351,1.98814307894544,1.1,1.1,0.800000000000001,0.6,0.6,0.300000000000001,-0.5,-1.1,-0.800000000000001,-0.800000000000001,NA,NA
"Bund","women",2018,23746853,2.09117052121868,1.1,1.1,1.1,0.800000000000001,0.6,0.6,0.300000000000001,-0.5,-1.1,-0.800000000000001,-0.800000000000001,NA
"Bund","women",2019,23706483,2.17240964777693,1.7,1.7,1.1,1.1,0.800000000000001,0.6,0.6,0.300000000000001,-0.5,-1.1,-0.800000000000001,-0.800000000000001
"Bund","women",2020,23710399,2.12339941841062,1.7,1.7,1.7,1.1,1.1,0.800000000000001,0.6,0.6,0.300000000000001,-0.5,-1.1,-0.800000000000001
"Bund","women",2021,23566889,2.15366089923962,1.8,1.8,1.7,1.7,1.1,1.1,0.800000000000001,0.6,0.6,0.300000000000001,-0.5,-1.1
"Hamburg","men",2009,449233,2.66367487230255,-0.199999999999999,-0.199999999999999,NA,NA,NA,NA,NA,NA,NA,NA,NA,NA
"Hamburg","men",2010,451857,3.08017897154541,-0.6,-0.6,-0.199999999999999,NA,NA,NA,NA,NA,NA,NA,NA,NA
"Hamburg","men",2011,453102,3.55439882303844,-0.9,-0.9,-0.6,-0.199999999999999,NA,NA,NA,NA,NA,NA,NA,NA
"Hamburg","men",2012,464553,3.84621070540865,0.300000000000001,0.300000000000001,-0.9,-0.6,-0.199999999999999,NA,NA,NA,NA,NA,NA,NA
"Hamburg","men",2013,471673,4.26154475454075,0.4,0.4,0.300000000000001,-0.9,-0.6,-0.199999999999999,NA,NA,NA,NA,NA,NA
"Hamburg","men",2014,481118,4.4691135973418,0.800000000000001,0.800000000000001,0.4,0.300000000000001,-0.9,-0.6,-0.199999999999999,NA,NA,NA,NA,NA
"Hamburg","men",2015,492100,4.60271689740635,1.2,1.2,0.800000000000001,0.4,0.300000000000001,-0.9,-0.6,-0.199999999999999,NA,NA,NA,NA
"Hamburg","men",2016,506546,4.67339212649573,1.2,1.2,1.2,0.800000000000001,0.4,0.300000000000001,-0.9,-0.6,-0.199999999999999,NA,NA,NA
"Hamburg","men",2017,518324,5.18481341084838,0.6,0.6,1.2,1.2,0.800000000000001,0.4,0.300000000000001,-0.9,-0.6,-0.199999999999999,NA,NA
"Hamburg","men",2018,526065,5.61892155009463,1,1,0.6,1.2,1.2,0.800000000000001,0.4,0.300000000000001,-0.9,-0.6,-0.199999999999999,NA
"Hamburg","men",2019,530645,6.20833047796982,1.1,1.1,1,0.6,1.2,1.2,0.800000000000001,0.4,0.300000000000001,-0.9,-0.6,-0.199999999999999
"Hamburg","men",2020,539000,6.09966793878963,1.8,1.8,1.1,1,0.6,1.2,1.2,0.800000000000001,0.4,0.300000000000001,-0.9,-0.6
"Hamburg","men",2021,538600,6.28480596763652,1.7,1.7,1.8,1.1,1,0.6,1.2,1.2,0.800000000000001,0.4,0.300000000000001,-0.9
"Hamburg","total",2009,949149,2.18833681637637,-0.199999999999999,-0.199999999999999,NA,NA,NA,NA,NA,NA,NA,NA,NA,NA
"Hamburg","total",2010,954295,2.56856900765974,-0.6,-0.6,-0.199999999999999,NA,NA,NA,NA,NA,NA,NA,NA,NA
"Hamburg","total",2011,957306,2.95347099101931,-0.9,-0.9,-0.6,-0.199999999999999,NA,NA,NA,NA,NA,NA,NA,NA
"Hamburg","total",2012,979634,3.17329596085466,0.300000000000001,0.300000000000001,-0.9,-0.6,-0.199999999999999,NA,NA,NA,NA,NA,NA,NA
"Hamburg","total",2013,993183,3.55067284048878,0.4,0.4,0.300000000000001,-0.9,-0.6,-0.199999999999999,NA,NA,NA,NA,NA,NA
"Hamburg","total",2014,1008367,3.65287549504537,0.800000000000001,0.800000000000001,0.4,0.300000000000001,-0.9,-0.6,-0.199999999999999,NA,NA,NA,NA,NA
"Hamburg","total",2015,1026262,3.82484804624234,1.2,1.2,0.800000000000001,0.4,0.300000000000001,-0.9,-0.6,-0.199999999999999,NA,NA,NA,NA
"Hamburg","total",2016,1048383,3.85532510064062,1.2,1.2,1.2,0.800000000000001,0.4,0.300000000000001,-0.9,-0.6,-0.199999999999999,NA,NA,NA
"Hamburg","total",2017,1067646,4.23303742826045,0.6,0.6,1.2,1.2,0.800000000000001,0.4,0.300000000000001,-0.9,-0.6,-0.199999999999999,NA,NA
"Hamburg","total",2018,1079771,4.60095760022608,1,1,0.6,1.2,1.2,0.800000000000001,0.4,0.300000000000001,-0.9,-0.6,-0.199999999999999,NA
"Hamburg","total",2019,1088240,5.00465014777066,1.1,1.1,1,0.6,1.2,1.2,0.800000000000001,0.4,0.300000000000001,-0.9,-0.6,-0.199999999999999
"Hamburg","total",2020,1102803,4.9493967139868,1.8,1.8,1.1,1,0.6,1.2,1.2,0.800000000000001,0.4,0.300000000000001,-0.9,-0.6
"Hamburg","total",2021,1101228,5.10712516857676,1.7,1.7,1.8,1.1,1,0.6,1.2,1.2,0.800000000000001,0.4,0.300000000000001,-0.9
"Hamburg","women",2009,499916,1.48111220174262,-0.199999999999999,-0.199999999999999,NA,NA,NA,NA,NA,NA,NA,NA,NA,NA
"Hamburg","women",2010,502438,1.83321022673486,-0.6,-0.6,-0.199999999999999,NA,NA,NA,NA,NA,NA,NA,NA,NA
"Hamburg","women",2011,504204,2.06419041134741,-0.9,-0.9,-0.6,-0.199999999999999,NA,NA,NA,NA,NA,NA,NA,NA
"Hamburg","women",2012,515081,2.18312814732638,0.300000000000001,0.300000000000001,-0.9,-0.6,-0.199999999999999,NA,NA,NA,NA,NA,NA,NA
"Hamburg","women",2013,521510,2.52428231476799,0.4,0.4,0.300000000000001,-0.9,-0.6,-0.199999999999999,NA,NA,NA,NA,NA,NA
"Hamburg","women",2014,527249,2.46077714154813,0.800000000000001,0.800000000000001,0.4,0.300000000000001,-0.9,-0.6,-0.199999999999999,NA,NA,NA,NA,NA
"Hamburg","women",2015,534162,2.70195639971658,1.2,1.2,0.800000000000001,0.4,0.300000000000001,-0.9,-0.6,-0.199999999999999,NA,NA,NA,NA
"Hamburg","women",2016,541837,2.65409661286232,1.2,1.2,1.2,0.800000000000001,0.4,0.300000000000001,-0.9,-0.6,-0.199999999999999,NA,NA,NA
"Hamburg","women",2017,549322,2.8287661618561,0.6,0.6,1.2,1.2,0.800000000000001,0.4,0.300000000000001,-0.9,-0.6,-0.199999999999999,NA,NA
"Hamburg","women",2018,553706,3.10523213247144,1,1,0.6,1.2,1.2,0.800000000000001,0.4,0.300000000000001,-0.9,-0.6,-0.199999999999999,NA
"Hamburg","women",2019,557595,3.24996611884384,1.1,1.1,1,0.6,1.2,1.2,0.800000000000001,0.4,0.300000000000001,-0.9,-0.6,-0.199999999999999
"Hamburg","women",2020,563803,3.29313126776285,1.8,1.8,1.1,1,0.6,1.2,1.2,0.800000000000001,0.4,0.300000000000001,-0.9,-0.6
"Hamburg","women",2021,562628,3.43925003816011,1.7,1.7,1.8,1.1,1,0.6,1.2,1.2,0.800000000000001,0.4,0.300000000000001,-0.9
"Hessen","men",2009,1583746,2.35251387023963,-4,-4,NA,NA,NA,NA,NA,NA,NA,NA,NA,NA
"Hessen","men",2010,1586757,2.59307228545441,-2.7,-2.7,-4,NA,NA,NA,NA,NA,NA,NA,NA,NA
"Hessen","men",2011,1592905,2.59382159654178,-2.4,-2.4,-2.7,-4,NA,NA,NA,NA,NA,NA,NA,NA
"Hessen","men",2012,1610853,2.26315067189886,-1.2,-1.2,-2.4,-2.7,-4,NA,NA,NA,NA,NA,NA,NA
"Hessen","men",2013,1621455,2.61109155464887,0,0,-1.2,-2.4,-2.7,-4,NA,NA,NA,NA,NA,NA
"Hessen","men",2014,1648889,3.25352045729265,0.300000000000001,0.300000000000001,0,-1.2,-2.4,-2.7,-4,NA,NA,NA,NA,NA
"Hessen","men",2015,1669706,3.62151162277312,0.199999999999999,0.199999999999999,0.300000000000001,0,-1.2,-2.4,-2.7,-4,NA,NA,NA,NA
"Hessen","men",2016,1698060,4.11242864766968,0.199999999999999,0.199999999999999,0.199999999999999,0.300000000000001,0,-1.2,-2.4,-2.7,-4,NA,NA,NA
"Hessen","men",2017,1728596,4.52912064263675,0.800000000000001,0.800000000000001,0.199999999999999,0.199999999999999,0.300000000000001,0,-1.2,-2.4,-2.7,-4,NA,NA
"Hessen","men",2018,1751226,4.73459632507709,1,1,0.800000000000001,0.199999999999999,0.199999999999999,0.300000000000001,0,-1.2,-2.4,-2.7,-4,NA
"Hessen","men",2019,1760404,4.88207739447943,2.3,2.3,1,0.800000000000001,0.199999999999999,0.199999999999999,0.300000000000001,0,-1.2,-2.4,-2.7,-4
"Hessen","men",2020,1769420,4.79870307049322,3,3,2.3,1,0.800000000000001,0.199999999999999,0.199999999999999,0.300000000000001,0,-1.2,-2.4,-2.7
"Hessen","men",2021,1762843,5.00082647418786,2.3,2.3,3,2.3,1,0.800000000000001,0.199999999999999,0.199999999999999,0.300000000000001,0,-1.2,-2.4
"Hessen","total",2009,3316644,2.0760590978103,-4,-4,NA,NA,NA,NA,NA,NA,NA,NA,NA,NA
"Hessen","total",2010,3321936,2.18850278762975,-2.7,-2.7,-4,NA,NA,NA,NA,NA,NA,NA,NA,NA
"Hessen","total",2011,3330987,2.15122616874136,-2.4,-2.4,-2.7,-4,NA,NA,NA,NA,NA,NA,NA,NA
"Hessen","total",2012,3361442,1.86613738437675,-1.2,-1.2,-2.4,-2.7,-4,NA,NA,NA,NA,NA,NA,NA
"Hessen","total",2013,3376072,2.10583009659582,0,0,-1.2,-2.4,-2.7,-4,NA,NA,NA,NA,NA,NA
"Hessen","total",2014,3415127,2.65645777501808,0.300000000000001,0.300000000000001,0,-1.2,-2.4,-2.7,-4,NA,NA,NA,NA,NA
"Hessen","total",2015,3445295,2.9476585690031,0.199999999999999,0.199999999999999,0.300000000000001,0,-1.2,-2.4,-2.7,-4,NA,NA,NA,NA
"Hessen","total",2016,3483505,3.30632942046375,0.199999999999999,0.199999999999999,0.199999999999999,0.300000000000001,0,-1.2,-2.4,-2.7,-4,NA,NA,NA
"Hessen","total",2017,3524638,3.66259555194708,0.800000000000001,0.800000000000001,0.199999999999999,0.199999999999999,0.300000000000001,0,-1.2,-2.4,-2.7,-4,NA,NA
"Hessen","total",2018,3553987,3.78607960349598,1,1,0.800000000000001,0.199999999999999,0.199999999999999,0.300000000000001,0,-1.2,-2.4,-2.7,-4,NA
"Hessen","total",2019,3567202,3.88802632499525,2.3,2.3,1,0.800000000000001,0.199999999999999,0.199999999999999,0.300000000000001,0,-1.2,-2.4,-2.7,-4
"Hessen","total",2020,3579854,3.83410873711859,3,3,2.3,1,0.800000000000001,0.199999999999999,0.199999999999999,0.300000000000001,0,-1.2,-2.4,-2.7
"Hessen","total",2021,3562276,3.96462225068214,2.3,2.3,3,2.3,1,0.800000000000001,0.199999999999999,0.199999999999999,0.300000000000001,0,-1.2,-2.4
"Hessen","women",2009,1732898,1.67378905515123,-4,-4,NA,NA,NA,NA,NA,NA,NA,NA,NA,NA
"Hessen","women",2010,1735179,1.57012712711886,-2.7,-2.7,-4,NA,NA,NA,NA,NA,NA,NA,NA,NA
"Hessen","women",2011,1738082,1.46181173648677,-2.4,-2.4,-2.7,-4,NA,NA,NA,NA,NA,NA,NA,NA
"Hessen","women",2012,1750589,1.25273819596658,-1.2,-1.2,-2.4,-2.7,-4,NA,NA,NA,NA,NA,NA,NA
"Hessen","women",2013,1754617,1.32422438968157,0,0,-1.2,-2.4,-2.7,-4,NA,NA,NA,NA,NA,NA
"Hessen","women",2014,1766238,1.73753197962283,0.300000000000001,0.300000000000001,0,-1.2,-2.4,-2.7,-4,NA,NA,NA,NA,NA
"Hessen","women",2015,1775589,1.9168100699616,0.199999999999999,0.199999999999999,0.300000000000001,0,-1.2,-2.4,-2.7,-4,NA,NA,NA,NA
"Hessen","women",2016,1785445,2.05611093574291,0.199999999999999,0.199999999999999,0.199999999999999,0.300000000000001,0,-1.2,-2.4,-2.7,-4,NA,NA,NA
"Hessen","women",2017,1796042,2.31396985744883,0.800000000000001,0.800000000000001,0.199999999999999,0.199999999999999,0.300000000000001,0,-1.2,-2.4,-2.7,-4,NA,NA
"Hessen","women",2018,1802761,2.30647916834043,1,1,0.800000000000001,0.199999999999999,0.199999999999999,0.300000000000001,0,-1.2,-2.4,-2.7,-4,NA
"Hessen","women",2019,1806798,2.35824568871049,2.3,2.3,1,0.800000000000001,0.199999999999999,0.199999999999999,0.300000000000001,0,-1.2,-2.4,-2.7,-4
"Hessen","women",2020,1810434,2.37053530399053,3,3,2.3,1,0.800000000000001,0.199999999999999,0.199999999999999,0.300000000000001,0,-1.2,-2.4,-2.7
"Hessen","women",2021,1799433,2.41376835149004,2.3,2.3,3,2.3,1,0.800000000000001,0.199999999999999,0.199999999999999,0.300000000000001,0,-1.2,-2.4
"Mecklenburg-Vorpommern","men",2009,479616,1.02404562012736,0.5,0.5,NA,NA,NA,NA,NA,NA,NA,NA,NA,NA
"Mecklenburg-Vorpommern","men",2010,472390,1.13035371425002,-0.199999999999999,-0.199999999999999,0.5,NA,NA,NA,NA,NA,NA,NA,NA,NA
"Mecklenburg-Vorpommern","men",2011,467042,1.45085572222766,-1.4,-1.4,-0.199999999999999,0.5,NA,NA,NA,NA,NA,NA,NA,NA
"Mecklenburg-Vorpommern","men",2012,461543,1.83182066298667,-1.1,-1.1,-1.4,-0.199999999999999,0.5,NA,NA,NA,NA,NA,NA,NA
"Mecklenburg-Vorpommern","men",2013,456435,2.29921280497939,0.0999999999999996,0.0999999999999996,-1.1,-1.4,-0.199999999999999,0.5,NA,NA,NA,NA,NA,NA
"Mecklenburg-Vorpommern","men",2014,455632,2.42727156696718,0.5,0.5,0.0999999999999996,-1.1,-1.4,-0.199999999999999,0.5,NA,NA,NA,NA,NA
"Mecklenburg-Vorpommern","men",2015,451693,2.80943970203843,0.0999999999999996,0.0999999999999996,0.5,0.0999999999999996,-1.1,-1.4,-0.199999999999999,0.5,NA,NA,NA,NA
"Mecklenburg-Vorpommern","men",2016,453889,2.95317468933185,1.2,1.2,0.0999999999999996,0.5,0.0999999999999996,-1.1,-1.4,-0.199999999999999,0.5,NA,NA,NA
"Mecklenburg-Vorpommern","men",2017,451253,3.20683966830343,-0.199999999999999,-0.199999999999999,1.2,0.0999999999999996,0.5,0.0999999999999996,-1.1,-1.4,-0.199999999999999,0.5,NA,NA
"Mecklenburg-Vorpommern","men",2018,447020,3.52338151895938,-1.9,-1.9,-0.199999999999999,1.2,0.0999999999999996,0.5,0.0999999999999996,-1.1,-1.4,-0.199999999999999,0.5,NA
"Mecklenburg-Vorpommern","men",2019,441663,3.77383488333167,0.4,0.4,-1.9,-0.199999999999999,1.2,0.0999999999999996,0.5,0.0999999999999996,-1.1,-1.4,-0.199999999999999,0.5
"Mecklenburg-Vorpommern","men",2020,438068,3.3187679491646,-0.800000000000001,-0.800000000000001,0.4,-1.9,-0.199999999999999,1.2,0.0999999999999996,0.5,0.0999999999999996,-1.1,-1.4,-0.199999999999999
"Mecklenburg-Vorpommern","men",2021,434227,3.17669661226421,-1.9,-1.9,-0.800000000000001,0.4,-1.9,-0.199999999999999,1.2,0.0999999999999996,0.5,0.0999999999999996,-1.1,-1.4
"Mecklenburg-Vorpommern","total",2009,968917,0.881415238865623,0.5,0.5,NA,NA,NA,NA,NA,NA,NA,NA,NA,NA
"Mecklenburg-Vorpommern","total",2010,955374,0.995235630966936,-0.199999999999999,-0.199999999999999,0.5,NA,NA,NA,NA,NA,NA,NA,NA,NA
"Mecklenburg-Vorpommern","total",2011,946707,1.24290348847918,-1.4,-1.4,-0.199999999999999,0.5,NA,NA,NA,NA,NA,NA,NA,NA
"Mecklenburg-Vorpommern","total",2012,936211,1.55587042234645,-1.1,-1.1,-1.4,-0.199999999999999,0.5,NA,NA,NA,NA,NA,NA,NA
"Mecklenburg-Vorpommern","total",2013,926975,1.90210745804836,0.0999999999999996,0.0999999999999996,-1.1,-1.4,-0.199999999999999,0.5,NA,NA,NA,NA,NA,NA
"Mecklenburg-Vorpommern","total",2014,923392,2.03131978686391,0.5,0.5,0.0999999999999996,-1.1,-1.4,-0.199999999999999,0.5,NA,NA,NA,NA,NA
"Mecklenburg-Vorpommern","total",2015,915129,2.30893393041786,0.0999999999999996,0.0999999999999996,0.5,0.0999999999999996,-1.1,-1.4,-0.199999999999999,0.5,NA,NA,NA,NA
"Mecklenburg-Vorpommern","total",2016,915057,2.44871356981052,1.2,1.2,0.0999999999999996,0.5,0.0999999999999996,-1.1,-1.4,-0.199999999999999,0.5,NA,NA,NA
"Mecklenburg-Vorpommern","total",2017,908714,2.56786657697912,-0.199999999999999,-0.199999999999999,1.2,0.0999999999999996,0.5,0.0999999999999996,-1.1,-1.4,-0.199999999999999,0.5,NA,NA
"Mecklenburg-Vorpommern","total",2018,899752,2.85148100230839,-1.9,-1.9,-0.199999999999999,1.2,0.0999999999999996,0.5,0.0999999999999996,-1.1,-1.4,-0.199999999999999,0.5,NA
"Mecklenburg-Vorpommern","total",2019,889500,3.01475364572199,0.4,0.4,-1.9,-0.199999999999999,1.2,0.0999999999999996,0.5,0.0999999999999996,-1.1,-1.4,-0.199999999999999,0.5
"Mecklenburg-Vorpommern","total",2020,881348,2.65083502905512,-0.800000000000001,-0.800000000000001,0.4,-1.9,-0.199999999999999,1.2,0.0999999999999996,0.5,0.0999999999999996,-1.1,-1.4,-0.199999999999999
"Mecklenburg-Vorpommern","total",2021,873793,2.58037213597621,-1.9,-1.9,-0.800000000000001,0.4,-1.9,-0.199999999999999,1.2,0.0999999999999996,0.5,0.0999999999999996,-1.1,-1.4
"Mecklenburg-Vorpommern","women",2009,489301,0.645062916909014,0.5,0.5,NA,NA,NA,NA,NA,NA,NA,NA,NA,NA
"Mecklenburg-Vorpommern","women",2010,482984,0.783721375973,-0.199999999999999,-0.199999999999999,0.5,NA,NA,NA,NA,NA,NA,NA,NA,NA
"Mecklenburg-Vorpommern","women",2011,479665,0.903456363214483,-1.4,-1.4,-0.199999999999999,0.5,NA,NA,NA,NA,NA,NA,NA,NA
"Mecklenburg-Vorpommern","women",2012,474668,1.11000185149632,-1.1,-1.1,-1.4,-0.199999999999999,0.5,NA,NA,NA,NA,NA,NA,NA
"Mecklenburg-Vorpommern","women",2013,470540,1.26390616929612,0.0999999999999996,0.0999999999999996,-1.1,-1.4,-0.199999999999999,0.5,NA,NA,NA,NA,NA,NA
"Mecklenburg-Vorpommern","women",2014,467760,1.40858782249288,0.5,0.5,0.0999999999999996,-1.1,-1.4,-0.199999999999999,0.5,NA,NA,NA,NA,NA
"Mecklenburg-Vorpommern","women",2015,463436,1.53258955681395,0.0999999999999996,0.0999999999999996,0.5,0.0999999999999996,-1.1,-1.4,-0.199999999999999,0.5,NA,NA,NA,NA
"Mecklenburg-Vorpommern","women",2016,461168,1.66477277471268,1.2,1.2,0.0999999999999996,0.5,0.0999999999999996,-1.1,-1.4,-0.199999999999999,0.5,NA,NA,NA
"Mecklenburg-Vorpommern","women",2017,457461,1.56809116214957,-0.199999999999999,-0.199999999999999,1.2,0.0999999999999996,0.5,0.0999999999999996,-1.1,-1.4,-0.199999999999999,0.5,NA,NA
"Mecklenburg-Vorpommern","women",2018,452732,1.82149067575649,-1.9,-1.9,-0.199999999999999,1.2,0.0999999999999996,0.5,0.0999999999999996,-1.1,-1.4,-0.199999999999999,0.5,NA
"Mecklenburg-Vorpommern","women",2019,447837,1.87271958856493,0.4,0.4,-1.9,-0.199999999999999,1.2,0.0999999999999996,0.5,0.0999999999999996,-1.1,-1.4,-0.199999999999999,0.5
"Mecklenburg-Vorpommern","women",2020,443280,1.66165546700721,-0.800000000000001,-0.800000000000001,0.4,-1.9,-0.199999999999999,1.2,0.0999999999999996,0.5,0.0999999999999996,-1.1,-1.4,-0.199999999999999
"Mecklenburg-Vorpommern","women",2021,439566,1.71930590965052,-1.9,-1.9,-0.800000000000001,0.4,-1.9,-0.199999999999999,1.2,0.0999999999999996,0.5,0.0999999999999996,-1.1,-1.4
"Niedersachsen","men",2009,2129959,2.62248922953798,-1.5,-1.5,NA,NA,NA,NA,NA,NA,NA,NA,NA,NA
"Niedersachsen","men",2010,2135035,2.9368096860579,-1.2,-1.2,-1.5,NA,NA,NA,NA,NA,NA,NA,NA,NA
"Niedersachsen","men",2011,2142504,3.05158135115364,-2.1,-2.1,-1.2,-1.5,NA,NA,NA,NA,NA,NA,NA,NA
"Niedersachsen","men",2012,2159216,3.3515438481191,-1.4,-1.4,-2.1,-1.2,-1.5,NA,NA,NA,NA,NA,NA,NA
"Niedersachsen","men",2013,2169827,3.60980874374397,-0.300000000000001,-0.300000000000001,-1.4,-2.1,-1.2,-1.5,NA,NA,NA,NA,NA,NA
"Niedersachsen","men",2014,2190770,3.50229479308224,0.0999999999999996,0.0999999999999996,-0.300000000000001,-1.4,-2.1,-1.2,-1.5,NA,NA,NA,NA,NA
"Niedersachsen","men",2015,2207918,3.61666328379901,0.0999999999999996,0.0999999999999996,0.0999999999999996,-0.300000000000001,-1.4,-2.1,-1.2,-1.5,NA,NA,NA,NA
"Niedersachsen","men",2016,2232667,3.986033063595,-0.300000000000001,-0.300000000000001,0.0999999999999996,0.0999999999999996,-0.300000000000001,-1.4,-2.1,-1.2,-1.5,NA,NA,NA
"Niedersachsen","men",2017,2258129,4.31353665128687,0.199999999999999,0.199999999999999,-0.300000000000001,0.0999999999999996,0.0999999999999996,-0.300000000000001,-1.4,-2.1,-1.2,-1.5,NA,NA
"Niedersachsen","men",2018,2274089,4.60729821459244,0.800000000000001,0.800000000000001,0.199999999999999,-0.300000000000001,0.0999999999999996,0.0999999999999996,-0.300000000000001,-1.4,-2.1,-1.2,-1.5,NA
"Niedersachsen","men",2019,2277788,4.8097969272007,0.9,0.9,0.800000000000001,0.199999999999999,-0.300000000000001,0.0999999999999996,0.0999999999999996,-0.300000000000001,-1.4,-2.1,-1.2,-1.5
"Niedersachsen","men",2020,2285709,4.59856432366911,1.4,1.4,0.9,0.800000000000001,0.199999999999999,-0.300000000000001,0.0999999999999996,0.0999999999999996,-0.300000000000001,-1.4,-2.1,-1.2
"Niedersachsen","men",2021,2278637,4.70975261822071,0.800000000000001,0.800000000000001,1.4,0.9,0.800000000000001,0.199999999999999,-0.300000000000001,0.0999999999999996,0.0999999999999996,-0.300000000000001,-1.4,-2.1
"Niedersachsen","total",2009,4391419,2.16775900342766,-1.5,-1.5,NA,NA,NA,NA,NA,NA,NA,NA,NA,NA
"Niedersachsen","total",2010,4398251,2.41450182674354,-1.2,-1.2,-1.5,NA,NA,NA,NA,NA,NA,NA,NA,NA
"Niedersachsen","total",2011,4407941,2.50677438746144,-2.1,-2.1,-1.2,-1.5,NA,NA,NA,NA,NA,NA,NA,NA
"Niedersachsen","total",2012,4429110,2.73356441003852,-1.4,-1.4,-2.1,-1.2,-1.5,NA,NA,NA,NA,NA,NA,NA
"Niedersachsen","total",2013,4441891,2.90919367418319,-0.300000000000001,-0.300000000000001,-1.4,-2.1,-1.2,-1.5,NA,NA,NA,NA,NA,NA
"Niedersachsen","total",2014,4470585,2.83901287661885,0.0999999999999996,0.0999999999999996,-0.300000000000001,-1.4,-2.1,-1.2,-1.5,NA,NA,NA,NA,NA
"Niedersachsen","total",2015,4491580,2.91892633728545,0.0999999999999996,0.0999999999999996,0.0999999999999996,-0.300000000000001,-1.4,-2.1,-1.2,-1.5,NA,NA,NA,NA
"Niedersachsen","total",2016,4524315,3.20284227152169,-0.300000000000001,-0.300000000000001,0.0999999999999996,0.0999999999999996,-0.300000000000001,-1.4,-2.1,-1.2,-1.5,NA,NA,NA
"Niedersachsen","total",2017,4557084,3.46612273037206,0.199999999999999,0.199999999999999,-0.300000000000001,0.0999999999999996,0.0999999999999996,-0.300000000000001,-1.4,-2.1,-1.2,-1.5,NA,NA
"Niedersachsen","total",2018,4573956,3.71172579923233,0.800000000000001,0.800000000000001,0.199999999999999,-0.300000000000001,0.0999999999999996,0.0999999999999996,-0.300000000000001,-1.4,-2.1,-1.2,-1.5,NA
"Niedersachsen","total",2019,4576964,3.83173514948966,0.9,0.9,0.800000000000001,0.199999999999999,-0.300000000000001,0.0999999999999996,0.0999999999999996,-0.300000000000001,-1.4,-2.1,-1.2,-1.5
"Niedersachsen","total",2020,4587503,3.63477284525796,1.4,1.4,0.9,0.800000000000001,0.199999999999999,-0.300000000000001,0.0999999999999996,0.0999999999999996,-0.300000000000001,-1.4,-2.1,-1.2
"Niedersachsen","total",2021,4569234,3.7031897560283,0.800000000000001,0.800000000000001,1.4,0.9,0.800000000000001,0.199999999999999,-0.300000000000001,0.0999999999999996,0.0999999999999996,-0.300000000000001,-1.4,-2.1
"Niedersachsen","women",2009,2261460,1.39607466813303,-1.5,-1.5,NA,NA,NA,NA,NA,NA,NA,NA,NA,NA
"Niedersachsen","women",2010,2263216,1.53828654676509,-1.2,-1.2,-1.5,NA,NA,NA,NA,NA,NA,NA,NA,NA
"Niedersachsen","women",2011,2265437,1.58878031956083,-2.1,-2.1,-1.2,-1.5,NA,NA,NA,NA,NA,NA,NA,NA
"Niedersachsen","women",2012,2269894,1.69761178221358,-1.4,-1.4,-2.1,-1.2,-1.5,NA,NA,NA,NA,NA,NA,NA
"Niedersachsen","women",2013,2272064,1.74492615219248,-0.300000000000001,-0.300000000000001,-1.4,-2.1,-1.2,-1.5,NA,NA,NA,NA,NA,NA
"Niedersachsen","women",2014,2279815,1.74938930161749,0.0999999999999996,0.0999999999999996,-0.300000000000001,-1.4,-2.1,-1.2,-1.5,NA,NA,NA,NA,NA
"Niedersachsen","women",2015,2283662,1.78616315180383,0.0999999999999996,0.0999999999999996,0.0999999999999996,-0.300000000000001,-1.4,-2.1,-1.2,-1.5,NA,NA,NA,NA
"Niedersachsen","women",2016,2291648,1.93066841585633,-0.300000000000001,-0.300000000000001,0.0999999999999996,0.0999999999999996,-0.300000000000001,-1.4,-2.1,-1.2,-1.5,NA,NA,NA
"Niedersachsen","women",2017,2298955,2.0902623073412,0.199999999999999,0.199999999999999,-0.300000000000001,0.0999999999999996,0.0999999999999996,-0.300000000000001,-1.4,-2.1,-1.2,-1.5,NA,NA
"Niedersachsen","women",2018,2299867,2.26653071712633,0.800000000000001,0.800000000000001,0.199999999999999,-0.300000000000001,0.0999999999999996,0.0999999999999996,-0.300000000000001,-1.4,-2.1,-1.2,-1.5,NA
"Niedersachsen","women",2019,2299176,2.27794505527418,0.9,0.9,0.800000000000001,0.199999999999999,-0.300000000000001,0.0999999999999996,0.0999999999999996,-0.300000000000001,-1.4,-2.1,-1.2,-1.5
"Niedersachsen","women",2020,2301794,2.12961676378428,1.4,1.4,0.9,0.800000000000001,0.199999999999999,-0.300000000000001,0.0999999999999996,0.0999999999999996,-0.300000000000001,-1.4,-2.1,-1.2
"Niedersachsen","women",2021,2290597,2.15984286681629,0.800000000000001,0.800000000000001,1.4,0.9,0.800000000000001,0.199999999999999,-0.300000000000001,0.0999999999999996,0.0999999999999996,-0.300000000000001,-1.4,-2.1
"Nordrhein-Westfalen","men",2009,4816654,3.28153941788086,-0.800000000000001,-0.800000000000001,NA,NA,NA,NA,NA,NA,NA,NA,NA,NA
"Nordrhein-Westfalen","men",2010,4826822,3.42835352813698,-0.699999999999999,-0.699999999999999,-0.800000000000001,NA,NA,NA,NA,NA,NA,NA,NA,NA
"Nordrhein-Westfalen","men",2011,4835447,3.3797229408291,-0.300000000000001,-0.300000000000001,-0.699999999999999,-0.800000000000001,NA,NA,NA,NA,NA,NA,NA,NA
"Nordrhein-Westfalen","men",2012,4853927,3.45380997901484,0.9,0.9,-0.300000000000001,-0.699999999999999,-0.800000000000001,NA,NA,NA,NA,NA,NA,NA
"Nordrhein-Westfalen","men",2013,4879370,3.75458934109296,2.7,2.7,0.9,-0.300000000000001,-0.699999999999999,-0.800000000000001,NA,NA,NA,NA,NA,NA
"Nordrhein-Westfalen","men",2014,4917384,4.31692897519584,2.7,2.7,2.7,0.9,-0.300000000000001,-0.699999999999999,-0.800000000000001,NA,NA,NA,NA,NA
"Nordrhein-Westfalen","men",2015,4961293,4.5892110898192,2.6,2.6,2.7,2.7,0.9,-0.300000000000001,-0.699999999999999,-0.800000000000001,NA,NA,NA,NA
"Nordrhein-Westfalen","men",2016,5031878,4.9506309690349,3.1,3.1,2.6,2.7,2.7,0.9,-0.300000000000001,-0.699999999999999,-0.800000000000001,NA,NA,NA
"Nordrhein-Westfalen","men",2017,5106070,5.39726094767118,3.2,3.2,3.1,2.6,2.7,2.7,0.9,-0.300000000000001,-0.699999999999999,-0.800000000000001,NA,NA
"Nordrhein-Westfalen","men",2018,5142521,5.80761022360027,3.2,3.2,3.2,3.1,2.6,2.7,2.7,0.9,-0.300000000000001,-0.699999999999999,-0.800000000000001,NA
"Nordrhein-Westfalen","men",2019,5132492,5.89711428853439,2.9,2.9,3.2,3.2,3.1,2.6,2.7,2.7,0.9,-0.300000000000001,-0.699999999999999,-0.800000000000001
"Nordrhein-Westfalen","men",2020,5149345,5.65526523988577,2.8,2.8,2.9,3.2,3.2,3.1,2.6,2.7,2.7,0.9,-0.300000000000001,-0.699999999999999
"Nordrhein-Westfalen","men",2021,5124944,5.48628250247859,2.5,2.5,2.8,2.9,3.2,3.2,3.1,2.6,2.7,2.7,0.9,-0.300000000000001
"Nordrhein-Westfalen","total",2009,9971268,3.08966209166546,-0.800000000000001,-0.800000000000001,NA,NA,NA,NA,NA,NA,NA,NA,NA,NA
"Nordrhein-Westfalen","total",2010,9985250,3.13747558180322,-0.699999999999999,-0.699999999999999,-0.800000000000001,NA,NA,NA,NA,NA,NA,NA,NA,NA
"Nordrhein-Westfalen","total",2011,9995739,2.8488624889419,-0.300000000000001,-0.300000000000001,-0.699999999999999,-0.800000000000001,NA,NA,NA,NA,NA,NA,NA,NA
"Nordrhein-Westfalen","total",2012,10018737,2.86917775336035,0.9,0.9,-0.300000000000001,-0.699999999999999,-0.800000000000001,NA,NA,NA,NA,NA,NA,NA
"Nordrhein-Westfalen","total",2013,10054295,3.1094162899584,2.7,2.7,0.9,-0.300000000000001,-0.699999999999999,-0.800000000000001,NA,NA,NA,NA,NA,NA
"Nordrhein-Westfalen","total",2014,10099514,3.5489373833557,2.7,2.7,2.7,0.9,-0.300000000000001,-0.699999999999999,-0.800000000000001,NA,NA,NA,NA,NA
"Nordrhein-Westfalen","total",2015,10155020,3.74936248258493,2.6,2.6,2.7,2.7,0.9,-0.300000000000001,-0.699999999999999,-0.800000000000001,NA,NA,NA,NA
"Nordrhein-Westfalen","total",2016,10244212,4.03675305177919,3.1,3.1,2.6,2.7,2.7,0.9,-0.300000000000001,-0.699999999999999,-0.800000000000001,NA,NA,NA
"Nordrhein-Westfalen","total",2017,10340371,4.41328050007382,3.2,3.2,3.1,2.6,2.7,2.7,0.9,-0.300000000000001,-0.699999999999999,-0.800000000000001,NA,NA
"Nordrhein-Westfalen","total",2018,10378375,4.70746492968816,3.2,3.2,3.2,3.1,2.6,2.7,2.7,0.9,-0.300000000000001,-0.699999999999999,-0.800000000000001,NA
"Nordrhein-Westfalen","total",2019,10356366,4.7507182800497,2.9,2.9,3.2,3.2,3.1,2.6,2.7,2.7,0.9,-0.300000000000001,-0.699999999999999,-0.800000000000001
"Nordrhein-Westfalen","total",2020,10369479,4.5480423750859,2.8,2.8,2.9,3.2,3.2,3.1,2.6,2.7,2.7,0.9,-0.300000000000001,-0.699999999999999
"Nordrhein-Westfalen","total",2021,10310726,4.40077848076989,2.5,2.5,2.8,2.9,3.2,3.2,3.1,2.6,2.7,2.7,0.9,-0.300000000000001
"Nordrhein-Westfalen","women",2009,5154614,2.85359537511927,-0.800000000000001,-0.800000000000001,NA,NA,NA,NA,NA,NA,NA,NA,NA,NA
"Nordrhein-Westfalen","women",2010,5158428,2.72155503346518,-0.699999999999999,-0.699999999999999,-0.800000000000001,NA,NA,NA,NA,NA,NA,NA,NA,NA
"Nordrhein-Westfalen","women",2011,5160292,1.9801217801063,-0.300000000000001,-0.300000000000001,-0.699999999999999,-0.800000000000001,NA,NA,NA,NA,NA,NA,NA,NA
"Nordrhein-Westfalen","women",2012,5164810,1.91837595902943,0.9,0.9,-0.300000000000001,-0.699999999999999,-0.800000000000001,NA,NA,NA,NA,NA,NA,NA
"Nordrhein-Westfalen","women",2013,5174925,2.07309254077257,2.7,2.7,0.9,-0.300000000000001,-0.699999999999999,-0.800000000000001,NA,NA,NA,NA,NA,NA
"Nordrhein-Westfalen","women",2014,5182130,2.32053090500234,2.7,2.7,2.7,0.9,-0.300000000000001,-0.699999999999999,-0.800000000000001,NA,NA,NA,NA,NA
"Nordrhein-Westfalen","women",2015,5193727,2.420094111775,2.6,2.6,2.7,2.7,0.9,-0.300000000000001,-0.699999999999999,-0.800000000000001,NA,NA,NA,NA
"Nordrhein-Westfalen","women",2016,5212334,2.58174549047139,3.1,3.1,2.6,2.7,2.7,0.9,-0.300000000000001,-0.699999999999999,-0.800000000000001,NA,NA,NA
"Nordrhein-Westfalen","women",2017,5234301,2.84254420549925,3.2,3.2,3.1,2.6,2.7,2.7,0.9,-0.300000000000001,-0.699999999999999,-0.800000000000001,NA,NA
"Nordrhein-Westfalen","women",2018,5235854,2.95724552285071,3.2,3.2,3.2,3.1,2.6,2.7,2.7,0.9,-0.300000000000001,-0.699999999999999,-0.800000000000001,NA
"Nordrhein-Westfalen","women",2019,5223874,2.96141605723631,2.9,2.9,3.2,3.2,3.1,2.6,2.7,2.7,0.9,-0.300000000000001,-0.699999999999999,-0.800000000000001
"Nordrhein-Westfalen","women",2020,5220134,2.84426314932371,2.8,2.8,2.9,3.2,3.2,3.1,2.6,2.7,2.7,0.9,-0.300000000000001,-0.699999999999999
"Nordrhein-Westfalen","women",2021,5185782,2.76165150976096,2.5,2.5,2.8,2.9,3.2,3.2,3.1,2.6,2.7,2.7,0.9,-0.300000000000001
"Rheinland-Pfalz","men",2009,1055162,1.71917975089916,-3.3,-3.3,NA,NA,NA,NA,NA,NA,NA,NA,NA,NA
"Rheinland-Pfalz","men",2010,1055760,2.06047040689439,-1.9,-1.9,-3.3,NA,NA,NA,NA,NA,NA,NA,NA,NA
"Rheinland-Pfalz","men",2011,1056815,2.40941719082544,-3.3,-3.3,-1.9,-3.3,NA,NA,NA,NA,NA,NA,NA,NA
"Rheinland-Pfalz","men",2012,1056998,2.82581632589099,-1.5,-1.5,-3.3,-1.9,-3.3,NA,NA,NA,NA,NA,NA,NA
"Rheinland-Pfalz","men",2013,1058129,3.02788643640139,-1.3,-1.3,-1.5,-3.3,-1.9,-3.3,NA,NA,NA,NA,NA,NA
"Rheinland-Pfalz","men",2014,1065740,2.8973074076424,-0.5,-0.5,-1.3,-1.5,-3.3,-1.9,-3.3,NA,NA,NA,NA,NA
"Rheinland-Pfalz","men",2015,1070293,3.13864141232793,0.300000000000001,0.300000000000001,-0.5,-1.3,-1.5,-3.3,-1.9,-3.3,NA,NA,NA,NA
"Rheinland-Pfalz","men",2016,1081018,3.61004573297851,0.9,0.9,0.300000000000001,-0.5,-1.3,-1.5,-3.3,-1.9,-3.3,NA,NA,NA
"Rheinland-Pfalz","men",2017,1094654,4.22664460718803,1.1,1.1,0.9,0.300000000000001,-0.5,-1.3,-1.5,-3.3,-1.9,-3.3,NA,NA
"Rheinland-Pfalz","men",2018,1102425,4.71963930706017,1.1,1.1,1.1,0.9,0.300000000000001,-0.5,-1.3,-1.5,-3.3,-1.9,-3.3,NA
"Rheinland-Pfalz","men",2019,1097967,4.78823562710199,1.3,1.3,1.1,1.1,0.9,0.300000000000001,-0.5,-1.3,-1.5,-3.3,-1.9,-3.3
"Rheinland-Pfalz","men",2020,1101056,4.36426203396653,1.7,1.7,1.3,1.1,1.1,0.9,0.300000000000001,-0.5,-1.3,-1.5,-3.3,-1.9
"Rheinland-Pfalz","men",2021,1095825,4.06092578770244,2.2,2.2,1.7,1.3,1.1,1.1,0.9,0.300000000000001,-0.5,-1.3,-1.5,-3.3
"Rheinland-Pfalz","total",2009,2201596,1.48111905898413,-3.3,-3.3,NA,NA,NA,NA,NA,NA,NA,NA,NA,NA
"Rheinland-Pfalz","total",2010,2202631,1.76125954395255,-1.9,-1.9,-3.3,NA,NA,NA,NA,NA,NA,NA,NA,NA
"Rheinland-Pfalz","total",2011,2203526,2.03975923764203,-3.3,-3.3,-1.9,-3.3,NA,NA,NA,NA,NA,NA,NA,NA
"Rheinland-Pfalz","total",2012,2200233,2.38348000106509,-1.5,-1.5,-3.3,-1.9,-3.3,NA,NA,NA,NA,NA,NA,NA
"Rheinland-Pfalz","total",2013,2200065,2.50747759223118,-1.3,-1.3,-1.5,-3.3,-1.9,-3.3,NA,NA,NA,NA,NA,NA
"Rheinland-Pfalz","total",2014,2207119,2.38455894670384,-0.5,-0.5,-1.3,-1.5,-3.3,-1.9,-3.3,NA,NA,NA,NA,NA
"Rheinland-Pfalz","total",2015,2211052,2.52171195481787,0.300000000000001,0.300000000000001,-0.5,-1.3,-1.5,-3.3,-1.9,-3.3,NA,NA,NA,NA
"Rheinland-Pfalz","total",2016,2223238,2.89211086765192,0.9,0.9,0.300000000000001,-0.5,-1.3,-1.5,-3.3,-1.9,-3.3,NA,NA,NA
"Rheinland-Pfalz","total",2017,2238589,3.36500811218175,1.1,1.1,0.9,0.300000000000001,-0.5,-1.3,-1.5,-3.3,-1.9,-3.3,NA,NA
"Rheinland-Pfalz","total",2018,2245200,3.75346335993024,1.1,1.1,1.1,0.9,0.300000000000001,-0.5,-1.3,-1.5,-3.3,-1.9,-3.3,NA
"Rheinland-Pfalz","total",2019,2235855,3.81449867071097,1.3,1.3,1.1,1.1,0.9,0.300000000000001,-0.5,-1.3,-1.5,-3.3,-1.9,-3.3
"Rheinland-Pfalz","total",2020,2238304,3.43805275704073,1.7,1.7,1.3,1.1,1.1,0.9,0.300000000000001,-0.5,-1.3,-1.5,-3.3,-1.9
"Rheinland-Pfalz","total",2021,2224080,3.19554390505372,2.2,2.2,1.7,1.3,1.1,1.1,0.9,0.300000000000001,-0.5,-1.3,-1.5,-3.3
"Rheinland-Pfalz","women",2009,1146434,1.11959598350951,-3.3,-3.3,NA,NA,NA,NA,NA,NA,NA,NA,NA,NA
"Rheinland-Pfalz","women",2010,1146871,1.30858175476455,-1.9,-1.9,-3.3,NA,NA,NA,NA,NA,NA,NA,NA,NA
"Rheinland-Pfalz","women",2011,1146711,1.46928393773643,-3.3,-3.3,-1.9,-3.3,NA,NA,NA,NA,NA,NA,NA,NA
"Rheinland-Pfalz","women",2012,1143235,1.70523191686762,-1.5,-1.5,-3.3,-1.9,-3.3,NA,NA,NA,NA,NA,NA,NA
"Rheinland-Pfalz","women",2013,1141936,1.71123362105697,-1.3,-1.3,-1.5,-3.3,-1.9,-3.3,NA,NA,NA,NA,NA,NA
"Rheinland-Pfalz","women",2014,1141379,1.60034120586639,-0.5,-0.5,-1.3,-1.5,-3.3,-1.9,-3.3,NA,NA,NA,NA,NA
"Rheinland-Pfalz","women",2015,1140759,1.57994427479369,0.300000000000001,0.300000000000001,-0.5,-1.3,-1.5,-3.3,-1.9,-3.3,NA,NA,NA,NA
"Rheinland-Pfalz","women",2016,1142220,1.7942577702552,0.9,0.9,0.300000000000001,-0.5,-1.3,-1.5,-3.3,-1.9,-3.3,NA,NA,NA
"Rheinland-Pfalz","women",2017,1143935,2.03393183186291,1.1,1.1,0.9,0.300000000000001,-0.5,-1.3,-1.5,-3.3,-1.9,-3.3,NA,NA
"Rheinland-Pfalz","women",2018,1142775,2.26533814980649,1.1,1.1,1.1,0.9,0.300000000000001,-0.5,-1.3,-1.5,-3.3,-1.9,-3.3,NA
"Rheinland-Pfalz","women",2019,1137888,2.3471398302993,1.3,1.3,1.1,1.1,0.9,0.300000000000001,-0.5,-1.3,-1.5,-3.3,-1.9,-3.3
"Rheinland-Pfalz","women",2020,1137248,2.06298538674549,1.7,1.7,1.3,1.1,1.1,0.9,0.300000000000001,-0.5,-1.3,-1.5,-3.3,-1.9
"Rheinland-Pfalz","women",2021,1128255,1.93145266154745,2.2,2.2,1.7,1.3,1.1,1.1,0.9,0.300000000000001,-0.5,-1.3,-1.5,-3.3
"Saarland","men",2009,275294,2.97301246635774,-3.7,-3.7,NA,NA,NA,NA,NA,NA,NA,NA,NA,NA
"Saarland","men",2010,274633,3.25106733966455,-2.5,-2.5,-3.7,NA,NA,NA,NA,NA,NA,NA,NA,NA
"Saarland","men",2011,274571,3.08050679443031,-0.5,-0.5,-2.5,-3.7,NA,NA,NA,NA,NA,NA,NA,NA
"Saarland","men",2012,273572,3.19361879213951,-0.800000000000001,-0.800000000000001,-0.5,-2.5,-3.7,NA,NA,NA,NA,NA,NA,NA
"Saarland","men",2013,272681,3.23741901795496,-0.0999999999999996,-0.0999999999999996,-0.800000000000001,-0.5,-2.5,-3.7,NA,NA,NA,NA,NA,NA
"Saarland","men",2014,272379,3.21451562035881,2.6,2.6,-0.0999999999999996,-0.800000000000001,-0.5,-2.5,-3.7,NA,NA,NA,NA,NA
"Saarland","men",2015,272450,3.41671417724468,0.300000000000001,0.300000000000001,2.6,-0.0999999999999996,-0.800000000000001,-0.5,-2.5,-3.7,NA,NA,NA,NA
"Saarland","men",2016,276736,3.67599078292485,0.9,0.9,0.300000000000001,2.6,-0.0999999999999996,-0.800000000000001,-0.5,-2.5,-3.7,NA,NA,NA
"Saarland","men",2017,277189,4.03329524102536,-1.5,-1.5,0.9,0.300000000000001,2.6,-0.0999999999999996,-0.800000000000001,-0.5,-2.5,-3.7,NA,NA
"Saarland","men",2018,275549,4.23802440340231,-0.699999999999999,-0.699999999999999,-1.5,0.9,0.300000000000001,2.6,-0.0999999999999996,-0.800000000000001,-0.5,-2.5,-3.7,NA
"Saarland","men",2019,271286,4.49036654069692,-0.4,-0.4,-0.699999999999999,-1.5,0.9,0.300000000000001,2.6,-0.0999999999999996,-0.800000000000001,-0.5,-2.5,-3.7
"Saarland","men",2020,269986,4.23111387925293,-2.1,-2.1,-0.4,-0.699999999999999,-1.5,0.9,0.300000000000001,2.6,-0.0999999999999996,-0.800000000000001,-0.5,-2.5
"Saarland","men",2021,266399,4.21117638982279,-0.5,-0.5,-2.1,-0.4,-0.699999999999999,-1.5,0.9,0.300000000000001,2.6,-0.0999999999999996,-0.800000000000001,-0.5
"Saarland","total",2009,568062,2.57731038585284,-3.7,-3.7,NA,NA,NA,NA,NA,NA,NA,NA,NA,NA
"Saarland","total",2010,566699,2.73810478925414,-2.5,-2.5,-3.7,NA,NA,NA,NA,NA,NA,NA,NA,NA
"Saarland","total",2011,566101,2.66393656459559,-0.5,-0.5,-2.5,-3.7,NA,NA,NA,NA,NA,NA,NA,NA
"Saarland","total",2012,563777,2.70541543193262,-0.800000000000001,-0.800000000000001,-0.5,-2.5,-3.7,NA,NA,NA,NA,NA,NA,NA
"Saarland","total",2013,561101,2.7355991063067,-0.0999999999999996,-0.0999999999999996,-0.800000000000001,-0.5,-2.5,-3.7,NA,NA,NA,NA,NA,NA
"Saarland","total",2014,559184,2.62241108874272,2.6,2.6,-0.0999999999999996,-0.800000000000001,-0.5,-2.5,-3.7,NA,NA,NA,NA,NA
"Saarland","total",2015,557754,2.75657374250557,0.300000000000001,0.300000000000001,2.6,-0.0999999999999996,-0.800000000000001,-0.5,-2.5,-3.7,NA,NA,NA,NA
"Saarland","total",2016,562229,3.04601521268345,0.9,0.9,0.300000000000001,2.6,-0.0999999999999996,-0.800000000000001,-0.5,-2.5,-3.7,NA,NA,NA
"Saarland","total",2017,561352,3.29067783199266,-1.5,-1.5,0.9,0.300000000000001,2.6,-0.0999999999999996,-0.800000000000001,-0.5,-2.5,-3.7,NA,NA
"Saarland","total",2018,556933,3.44383435739194,-0.699999999999999,-0.699999999999999,-1.5,0.9,0.300000000000001,2.6,-0.0999999999999996,-0.800000000000001,-0.5,-2.5,-3.7,NA
"Saarland","total",2019,548825,3.68280362242428,-0.4,-0.4,-0.699999999999999,-1.5,0.9,0.300000000000001,2.6,-0.0999999999999996,-0.800000000000001,-0.5,-2.5,-3.7
"Saarland","total",2020,545730,3.42507647818247,-2.1,-2.1,-0.4,-0.699999999999999,-1.5,0.9,0.300000000000001,2.6,-0.0999999999999996,-0.800000000000001,-0.5,-2.5
"Saarland","total",2021,538099,3.39438286938217,-0.5,-0.5,-2.1,-0.4,-0.699999999999999,-1.5,0.9,0.300000000000001,2.6,-0.0999999999999996,-0.800000000000001,-0.5
"Saarland","women",2009,292768,1.93023309448947,-3.7,-3.7,NA,NA,NA,NA,NA,NA,NA,NA,NA,NA
"Saarland","women",2010,292066,1.88922049713731,-2.5,-2.5,-3.7,NA,NA,NA,NA,NA,NA,NA,NA,NA
"Saarland","women",2011,291530,1.99058821803869,-0.5,-0.5,-2.5,-3.7,NA,NA,NA,NA,NA,NA,NA,NA
"Saarland","women",2012,290205,1.91696861840895,-0.800000000000001,-0.800000000000001,-0.5,-2.5,-3.7,NA,NA,NA,NA,NA,NA,NA
"Saarland","women",2013,288420,1.93482632755879,-0.0999999999999996,-0.0999999999999996,-0.800000000000001,-0.5,-2.5,-3.7,NA,NA,NA,NA,NA,NA
"Saarland","women",2014,286805,1.67335521623928,2.6,2.6,-0.0999999999999996,-0.800000000000001,-0.5,-2.5,-3.7,NA,NA,NA,NA,NA
"Saarland","women",2015,285304,1.71359278012583,0.300000000000001,0.300000000000001,2.6,-0.0999999999999996,-0.800000000000001,-0.5,-2.5,-3.7,NA,NA,NA,NA
"Saarland","women",2016,285493,2.04694422958309,0.9,0.9,0.300000000000001,2.6,-0.0999999999999996,-0.800000000000001,-0.5,-2.5,-3.7,NA,NA,NA
"Saarland","women",2017,284163,2.10553320290559,-1.5,-1.5,0.9,0.300000000000001,2.6,-0.0999999999999996,-0.800000000000001,-0.5,-2.5,-3.7,NA,NA
"Saarland","women",2018,281384,2.18717926376718,-0.699999999999999,-0.699999999999999,-1.5,0.9,0.300000000000001,2.6,-0.0999999999999996,-0.800000000000001,-0.5,-2.5,-3.7,NA
"Saarland","women",2019,277539,2.43697189787753,-0.4,-0.4,-0.699999999999999,-1.5,0.9,0.300000000000001,2.6,-0.0999999999999996,-0.800000000000001,-0.5,-2.5,-3.7
"Saarland","women",2020,275744,2.20410177371565,-2.1,-2.1,-0.4,-0.699999999999999,-1.5,0.9,0.300000000000001,2.6,-0.0999999999999996,-0.800000000000001,-0.5,-2.5
"Saarland","women",2021,271700,2.18026396769307,-0.5,-0.5,-2.1,-0.4,-0.699999999999999,-1.5,0.9,0.300000000000001,2.6,-0.0999999999999996,-0.800000000000001,-0.5
"Sachsen","men",2009,1150116,1.24906762744587,-0.800000000000001,-0.800000000000001,NA,NA,NA,NA,NA,NA,NA,NA,NA,NA
"Sachsen","men",2010,1135099,1.34166314708401,0.199999999999999,0.199999999999999,-0.800000000000001,NA,NA,NA,NA,NA,NA,NA,NA,NA
"Sachsen","men",2011,1127389,1.41270564230446,0.0999999999999996,0.0999999999999996,0.199999999999999,-0.800000000000001,NA,NA,NA,NA,NA,NA,NA,NA
"Sachsen","men",2012,1122560,1.461128543427,-0.699999999999999,-0.699999999999999,0.0999999999999996,0.199999999999999,-0.800000000000001,NA,NA,NA,NA,NA,NA,NA
"Sachsen","men",2013,1118257,1.69127492986079,-1.3,-1.3,-0.699999999999999,0.0999999999999996,0.199999999999999,-0.800000000000001,NA,NA,NA,NA,NA,NA
"Sachsen","men",2014,1118730,1.93582099346675,-1.3,-1.3,-1.3,-0.699999999999999,0.0999999999999996,0.199999999999999,-0.800000000000001,NA,NA,NA,NA,NA
"Sachsen","men",2015,1115068,2.24780943824162,-1.1,-1.1,-1.3,-1.3,-0.699999999999999,0.0999999999999996,0.199999999999999,-0.800000000000001,NA,NA,NA,NA
"Sachsen","men",2016,1114628,2.59207857765623,-0.6,-0.6,-1.1,-1.3,-1.3,-0.699999999999999,0.0999999999999996,0.199999999999999,-0.800000000000001,NA,NA,NA
"Sachsen","men",2017,1114284,3.09301536471069,0.5,0.5,-0.6,-1.1,-1.3,-1.3,-0.699999999999999,0.0999999999999996,0.199999999999999,-0.800000000000001,NA,NA
"Sachsen","men",2018,1112799,3.42876128277313,0.4,0.4,0.5,-0.6,-1.1,-1.3,-1.3,-0.699999999999999,0.0999999999999996,0.199999999999999,-0.800000000000001,NA
"Sachsen","men",2019,1106926,4.03107492305898,0.9,0.9,0.4,0.5,-0.6,-1.1,-1.3,-1.3,-0.699999999999999,0.0999999999999996,0.199999999999999,-0.800000000000001
"Sachsen","men",2020,1106662,4.28736103847419,0.699999999999999,0.699999999999999,0.9,0.4,0.5,-0.6,-1.1,-1.3,-1.3,-0.699999999999999,0.0999999999999996,0.199999999999999
"Sachsen","men",2021,1098323,4.76241042958739,2.4,2.4,0.699999999999999,0.9,0.4,0.5,-0.6,-1.1,-1.3,-1.3,-0.699999999999999,0.0999999999999996
"Sachsen","total",2009,2337496,1.16010327075546,-0.800000000000001,-0.800000000000001,NA,NA,NA,NA,NA,NA,NA,NA,NA,NA
"Sachsen","total",2010,2307993,1.21292870773271,0.199999999999999,0.199999999999999,-0.800000000000001,NA,NA,NA,NA,NA,NA,NA,NA,NA
"Sachsen","total",2011,2293218,1.26284879917061,0.0999999999999996,0.0999999999999996,0.199999999999999,-0.800000000000001,NA,NA,NA,NA,NA,NA,NA,NA
"Sachsen","total",2012,2280641,1.30987657178311,-0.699999999999999,-0.699999999999999,0.0999999999999996,0.199999999999999,-0.800000000000001,NA,NA,NA,NA,NA,NA,NA
"Sachsen","total",2013,2271456,1.47068196412569,-1.3,-1.3,-0.699999999999999,0.0999999999999996,0.199999999999999,-0.800000000000001,NA,NA,NA,NA,NA,NA
"Sachsen","total",2014,2265363,1.7086715054232,-1.3,-1.3,-1.3,-0.699999999999999,0.0999999999999996,0.199999999999999,-0.800000000000001,NA,NA,NA,NA,NA
"Sachsen","total",2015,2252898,1.91917754572523,-1.1,-1.1,-1.3,-1.3,-0.699999999999999,0.0999999999999996,0.199999999999999,-0.800000000000001,NA,NA,NA,NA
"Sachsen","total",2016,2243287,2.17643598760795,-0.6,-0.6,-1.1,-1.3,-1.3,-0.699999999999999,0.0999999999999996,0.199999999999999,-0.800000000000001,NA,NA,NA
"Sachsen","total",2017,2234477,2.63739789629864,0.5,0.5,-0.6,-1.1,-1.3,-1.3,-0.699999999999999,0.0999999999999996,0.199999999999999,-0.800000000000001,NA,NA
"Sachsen","total",2018,2224647,2.90253418346772,0.4,0.4,0.5,-0.6,-1.1,-1.3,-1.3,-0.699999999999999,0.0999999999999996,0.199999999999999,-0.800000000000001,NA
"Sachsen","total",2019,2207879,3.36250297517241,0.9,0.9,0.4,0.5,-0.6,-1.1,-1.3,-1.3,-0.699999999999999,0.0999999999999996,0.199999999999999,-0.800000000000001
"Sachsen","total",2020,2200993,3.59782374325217,0.699999999999999,0.699999999999999,0.9,0.4,0.5,-0.6,-1.1,-1.3,-1.3,-0.699999999999999,0.0999999999999996,0.199999999999999
"Sachsen","total",2021,2182072,3.9835212819423,2.4,2.4,0.699999999999999,0.9,0.4,0.5,-0.6,-1.1,-1.3,-1.3,-0.699999999999999,0.0999999999999996
"Sachsen","women",2009,1187380,1.04597097870378,-0.800000000000001,-0.800000000000001,NA,NA,NA,NA,NA,NA,NA,NA,NA,NA
"Sachsen","women",2010,1172894,1.02679756945844,0.199999999999999,0.199999999999999,-0.800000000000001,NA,NA,NA,NA,NA,NA,NA,NA,NA
"Sachsen","women",2011,1165829,1.03739826349477,0.0999999999999996,0.0999999999999996,0.199999999999999,-0.800000000000001,NA,NA,NA,NA,NA,NA,NA,NA
"Sachsen","women",2012,1158081,1.08705254263138,-0.699999999999999,-0.699999999999999,0.0999999999999996,0.199999999999999,-0.800000000000001,NA,NA,NA,NA,NA,NA,NA
"Sachsen","women",2013,1153199,1.13436451877655,-1.3,-1.3,-0.699999999999999,0.0999999999999996,0.199999999999999,-0.800000000000001,NA,NA,NA,NA,NA,NA
"Sachsen","women",2014,1146633,1.37316945992471,-1.3,-1.3,-1.3,-0.699999999999999,0.0999999999999996,0.199999999999999,-0.800000000000001,NA,NA,NA,NA,NA
"Sachsen","women",2015,1137830,1.42139999177437,-1.1,-1.1,-1.3,-1.3,-0.699999999999999,0.0999999999999996,0.199999999999999,-0.800000000000001,NA,NA,NA,NA
"Sachsen","women",2016,1128659,1.53690162011686,-0.6,-0.6,-1.1,-1.3,-1.3,-0.699999999999999,0.0999999999999996,0.199999999999999,-0.800000000000001,NA,NA,NA
"Sachsen","women",2017,1120193,1.94674050614579,0.5,0.5,-0.6,-1.1,-1.3,-1.3,-0.699999999999999,0.0999999999999996,0.199999999999999,-0.800000000000001,NA,NA
"Sachsen","women",2018,1111848,2.10542936154447,0.4,0.4,0.5,-0.6,-1.1,-1.3,-1.3,-0.699999999999999,0.0999999999999996,0.199999999999999,-0.800000000000001,NA
"Sachsen","women",2019,1100953,2.35147840278348,0.9,0.9,0.4,0.5,-0.6,-1.1,-1.3,-1.3,-0.699999999999999,0.0999999999999996,0.199999999999999,-0.800000000000001
"Sachsen","women",2020,1094331,2.56720052095501,0.699999999999999,0.699999999999999,0.9,0.4,0.5,-0.6,-1.1,-1.3,-1.3,-0.699999999999999,0.0999999999999996,0.199999999999999
"Sachsen","women",2021,1083749,2.8388542735611,2.4,2.4,0.699999999999999,0.9,0.4,0.5,-0.6,-1.1,-1.3,-1.3,-0.699999999999999,0.0999999999999996
"Sachsen-Anhalt","men",2009,689410,1.3473082298833,-0.5,-0.5,NA,NA,NA,NA,NA,NA,NA,NA,NA,NA
"Sachsen-Anhalt","men",2010,677595,1.3503236195298,-2.2,-2.2,-0.5,NA,NA,NA,NA,NA,NA,NA,NA,NA
"Sachsen-Anhalt","men",2011,666985,1.42225340794035,-1.6,-1.6,-2.2,-0.5,NA,NA,NA,NA,NA,NA,NA,NA
"Sachsen-Anhalt","men",2012,660038,1.6781817236157,-2.1,-2.1,-1.6,-2.2,-0.5,NA,NA,NA,NA,NA,NA,NA
"Sachsen-Anhalt","men",2013,652810,1.79498756958564,0.199999999999999,0.199999999999999,-2.1,-1.6,-2.2,-0.5,NA,NA,NA,NA,NA,NA
"Sachsen-Anhalt","men",2014,646917,1.97600437334636,-0.199999999999999,-0.199999999999999,0.199999999999999,-2.1,-1.6,-2.2,-0.5,NA,NA,NA,NA,NA
"Sachsen-Anhalt","men",2015,641780,2.20778133197474,0.300000000000001,0.300000000000001,-0.199999999999999,0.199999999999999,-2.1,-1.6,-2.2,-0.5,NA,NA,NA,NA
"Sachsen-Anhalt","men",2016,640456,2.4888000085183,-0.0999999999999996,-0.0999999999999996,0.300000000000001,-0.199999999999999,0.199999999999999,-2.1,-1.6,-2.2,-0.5,NA,NA,NA
"Sachsen-Anhalt","men",2017,637905,2.80588968919901,-0.300000000000001,-0.300000000000001,-0.0999999999999996,0.300000000000001,-0.199999999999999,0.199999999999999,-2.1,-1.6,-2.2,-0.5,NA,NA
"Sachsen-Anhalt","men",2018,631081,3.03348063055642,0.800000000000001,0.800000000000001,-0.300000000000001,-0.0999999999999996,0.300000000000001,-0.199999999999999,0.199999999999999,-2.1,-1.6,-2.2,-0.5,NA
"Sachsen-Anhalt","men",2019,622332,3.71408972958313,-1,-1,0.800000000000001,-0.300000000000001,-0.0999999999999996,0.300000000000001,-0.199999999999999,0.199999999999999,-2.1,-1.6,-2.2,-0.5
"Sachsen-Anhalt","men",2020,616173,4.84171644514113,0.0999999999999996,0.0999999999999996,-1,0.800000000000001,-0.300000000000001,-0.0999999999999996,0.300000000000001,-0.199999999999999,0.199999999999999,-2.1,-1.6,-2.2
"Sachsen-Anhalt","men",2021,609361,6.18063647194455,-0.5,-0.5,0.0999999999999996,-1,0.800000000000001,-0.300000000000001,-0.0999999999999996,0.300000000000001,-0.199999999999999,0.199999999999999,-2.1,-1.6
"Sachsen-Anhalt","total",2009,1386635,1.17245537305755,-0.5,-0.5,NA,NA,NA,NA,NA,NA,NA,NA,NA,NA
"Sachsen-Anhalt","total",2010,1362595,1.20124624110915,-2.2,-2.2,-0.5,NA,NA,NA,NA,NA,NA,NA,NA,NA
"Sachsen-Anhalt","total",2011,1341681,1.22578686802818,-1.6,-1.6,-2.2,-0.5,NA,NA,NA,NA,NA,NA,NA,NA
"Sachsen-Anhalt","total",2012,1326181,1.42386660650211,-2.1,-2.1,-1.6,-2.2,-0.5,NA,NA,NA,NA,NA,NA,NA
"Sachsen-Anhalt","total",2013,1310751,1.51813371523331,0.199999999999999,0.199999999999999,-2.1,-1.6,-2.2,-0.5,NA,NA,NA,NA,NA,NA
"Sachsen-Anhalt","total",2014,1295012,1.61564675814497,-0.199999999999999,-0.199999999999999,0.199999999999999,-2.1,-1.6,-2.2,-0.5,NA,NA,NA,NA,NA
"Sachsen-Anhalt","total",2015,1281719,1.78399334372118,0.300000000000001,0.300000000000001,-0.199999999999999,0.199999999999999,-2.1,-1.6,-2.2,-0.5,NA,NA,NA,NA
"Sachsen-Anhalt","total",2016,1273008,2.01430724704237,-0.0999999999999996,-0.0999999999999996,0.300000000000001,-0.199999999999999,0.199999999999999,-2.1,-1.6,-2.2,-0.5,NA,NA,NA
"Sachsen-Anhalt","total",2017,1263752,2.26081552275377,-0.300000000000001,-0.300000000000001,-0.0999999999999996,0.300000000000001,-0.199999999999999,0.199999999999999,-2.1,-1.6,-2.2,-0.5,NA,NA
"Sachsen-Anhalt","total",2018,1246804,2.47139948678838,0.800000000000001,0.800000000000001,-0.300000000000001,-0.0999999999999996,0.300000000000001,-0.199999999999999,0.199999999999999,-2.1,-1.6,-2.2,-0.5,NA
"Sachsen-Anhalt","total",2019,1229046,3.04587755192706,-1,-1,0.800000000000001,-0.300000000000001,-0.0999999999999996,0.300000000000001,-0.199999999999999,0.199999999999999,-2.1,-1.6,-2.2,-0.5
"Sachsen-Anhalt","total",2020,1215350,3.94915163518302,0.0999999999999996,0.0999999999999996,-1,0.800000000000001,-0.300000000000001,-0.0999999999999996,0.300000000000001,-0.199999999999999,0.199999999999999,-2.1,-1.6,-2.2
"Sachsen-Anhalt","total",2021,1199586,4.95495665929403,-0.5,-0.5,0.0999999999999996,-1,0.800000000000001,-0.300000000000001,-0.0999999999999996,0.300000000000001,-0.199999999999999,0.199999999999999,-2.1,-1.6
"Sachsen-Anhalt","women",2009,697225,0.866264489889208,-0.5,-0.5,NA,NA,NA,NA,NA,NA,NA,NA,NA,NA
"Sachsen-Anhalt","women",2010,685000,0.953615533600527,-2.2,-2.2,-0.5,NA,NA,NA,NA,NA,NA,NA,NA,NA
"Sachsen-Anhalt","women",2011,674696,0.888731347700448,-1.6,-1.6,-2.2,-0.5,NA,NA,NA,NA,NA,NA,NA,NA
"Sachsen-Anhalt","women",2012,666143,0.988678272195275,-2.1,-2.1,-1.6,-2.2,-0.5,NA,NA,NA,NA,NA,NA,NA
"Sachsen-Anhalt","women",2013,657941,1.05447076635738,0.199999999999999,0.199999999999999,-2.1,-1.6,-2.2,-0.5,NA,NA,NA,NA,NA,NA
"Sachsen-Anhalt","women",2014,648095,1.00911751254478,-0.199999999999999,-0.199999999999999,0.199999999999999,-2.1,-1.6,-2.2,-0.5,NA,NA,NA,NA,NA
"Sachsen-Anhalt","women",2015,639939,1.08163865941884,0.300000000000001,0.300000000000001,-0.199999999999999,0.199999999999999,-2.1,-1.6,-2.2,-0.5,NA,NA,NA,NA
"Sachsen-Anhalt","women",2016,632552,1.23006761736385,-0.0999999999999996,-0.0999999999999996,0.300000000000001,-0.199999999999999,0.199999999999999,-2.1,-1.6,-2.2,-0.5,NA,NA,NA
"Sachsen-Anhalt","women",2017,625847,1.36041203811923,-0.300000000000001,-0.300000000000001,-0.0999999999999996,0.300000000000001,-0.199999999999999,0.199999999999999,-2.1,-1.6,-2.2,-0.5,NA,NA
"Sachsen-Anhalt","women",2018,615723,1.55253474556727,0.800000000000001,0.800000000000001,-0.300000000000001,-0.0999999999999996,0.300000000000001,-0.199999999999999,0.199999999999999,-2.1,-1.6,-2.2,-0.5,NA
"Sachsen-Anhalt","women",2019,606714,1.97606163185739,-1,-1,0.800000000000001,-0.300000000000001,-0.0999999999999996,0.300000000000001,-0.199999999999999,0.199999999999999,-2.1,-1.6,-2.2,-0.5
"Sachsen-Anhalt","women",2020,599177,2.53689116738733,0.0999999999999996,0.0999999999999996,-1,0.800000000000001,-0.300000000000001,-0.0999999999999996,0.300000000000001,-0.199999999999999,0.199999999999999,-2.1,-1.6,-2.2
"Sachsen-Anhalt","women",2021,590225,3.03403264686007,-0.5,-0.5,0.0999999999999996,-1,0.800000000000001,-0.300000000000001,-0.0999999999999996,0.300000000000001,-0.199999999999999,0.199999999999999,-2.1,-1.6
"Schleswig-Holstein","men",2009,729888,1.32973127028035,0.0999999999999996,0.0999999999999996,NA,NA,NA,NA,NA,NA,NA,NA,NA,NA
"Schleswig-Holstein","men",2010,733806,1.63061193502255,-0.300000000000001,-0.300000000000001,0.0999999999999996,NA,NA,NA,NA,NA,NA,NA,NA,NA
"Schleswig-Holstein","men",2011,735748,1.79688157104576,-0.9,-0.9,-0.300000000000001,0.0999999999999996,NA,NA,NA,NA,NA,NA,NA,NA
"Schleswig-Holstein","men",2012,736677,2.12930332756849,-2,-2,-0.9,-0.300000000000001,0.0999999999999996,NA,NA,NA,NA,NA,NA,NA
"Schleswig-Holstein","men",2013,739104,2.45468308047604,0,0,-2,-0.9,-0.300000000000001,0.0999999999999996,NA,NA,NA,NA,NA,NA
"Schleswig-Holstein","men",2014,747026,2.76018802555223,1,1,0,-2,-0.9,-0.300000000000001,0.0999999999999996,NA,NA,NA,NA,NA
"Schleswig-Holstein","men",2015,754526,2.96035209788444,0.800000000000001,0.800000000000001,1,0,-2,-0.9,-0.300000000000001,0.0999999999999996,NA,NA,NA,NA
"Schleswig-Holstein","men",2016,765227,3.16023785049203,0.5,0.5,0.800000000000001,1,0,-2,-0.9,-0.300000000000001,0.0999999999999996,NA,NA,NA
"Schleswig-Holstein","men",2017,777523,3.28461517212574,0.0999999999999996,0.0999999999999996,0.5,0.800000000000001,1,0,-2,-0.9,-0.300000000000001,0.0999999999999996,NA,NA
"Schleswig-Holstein","men",2018,783013,3.50525767391028,1.1,1.1,0.0999999999999996,0.5,0.800000000000001,1,0,-2,-0.9,-0.300000000000001,0.0999999999999996,NA
"Schleswig-Holstein","men",2019,781839,3.50230579548306,1.4,1.4,1.1,0.0999999999999996,0.5,0.800000000000001,1,0,-2,-0.9,-0.300000000000001,0.0999999999999996
"Schleswig-Holstein","men",2020,785959,3.20233051690574,2.1,2.1,1.4,1.1,0.0999999999999996,0.5,0.800000000000001,1,0,-2,-0.9,-0.300000000000001
"Schleswig-Holstein","men",2021,786392,3.06446557940265,2.1,2.1,2.1,1.4,1.1,0.0999999999999996,0.5,0.800000000000001,1,0,-2,-0.9
"Schleswig-Holstein","total",2009,1537518,1.08620886803899,0.0999999999999996,0.0999999999999996,NA,NA,NA,NA,NA,NA,NA,NA,NA,NA
"Schleswig-Holstein","total",2010,1544348,1.32505306139552,-0.300000000000001,-0.300000000000001,0.0999999999999996,NA,NA,NA,NA,NA,NA,NA,NA,NA
"Schleswig-Holstein","total",2011,1547493,1.47914745755625,-0.9,-0.9,-0.300000000000001,0.0999999999999996,NA,NA,NA,NA,NA,NA,NA,NA
"Schleswig-Holstein","total",2012,1545959,1.72238972945104,-2,-2,-0.9,-0.300000000000001,0.0999999999999996,NA,NA,NA,NA,NA,NA,NA
"Schleswig-Holstein","total",2013,1547013,2.00141373403462,0,0,-2,-0.9,-0.300000000000001,0.0999999999999996,NA,NA,NA,NA,NA,NA
"Schleswig-Holstein","total",2014,1558721,2.22719823794396,1,1,0,-2,-0.9,-0.300000000000001,0.0999999999999996,NA,NA,NA,NA,NA
"Schleswig-Holstein","total",2015,1569452,2.38699265592191,0.800000000000001,0.800000000000001,1,0,-2,-0.9,-0.300000000000001,0.0999999999999996,NA,NA,NA,NA
"Schleswig-Holstein","total",2016,1584423,2.5461292212794,0.5,0.5,0.800000000000001,1,0,-2,-0.9,-0.300000000000001,0.0999999999999996,NA,NA,NA
"Schleswig-Holstein","total",2017,1602077,2.6369628014324,0.0999999999999996,0.0999999999999996,0.5,0.800000000000001,1,0,-2,-0.9,-0.300000000000001,0.0999999999999996,NA,NA
"Schleswig-Holstein","total",2018,1608507,2.77765613111739,1.1,1.1,0.0999999999999996,0.5,0.800000000000001,1,0,-2,-0.9,-0.300000000000001,0.0999999999999996,NA
"Schleswig-Holstein","total",2019,1606271,2.76701119520341,1.4,1.4,1.1,0.0999999999999996,0.5,0.800000000000001,1,0,-2,-0.9,-0.300000000000001,0.0999999999999996
"Schleswig-Holstein","total",2020,1612543,2.50190026562042,2.1,2.1,1.4,1.1,0.0999999999999996,0.5,0.800000000000001,1,0,-2,-0.9,-0.300000000000001
"Schleswig-Holstein","total",2021,1611499,2.40727550703769,2.1,2.1,2.1,1.4,1.1,0.0999999999999996,0.5,0.800000000000001,1,0,-2,-0.9
"Schleswig-Holstein","women",2009,807630,0.706976481570219,0.0999999999999996,0.0999999999999996,NA,NA,NA,NA,NA,NA,NA,NA,NA,NA
"Schleswig-Holstein","women",2010,810542,0.854018810051064,-0.300000000000001,-0.300000000000001,0.0999999999999996,NA,NA,NA,NA,NA,NA,NA,NA,NA
"Schleswig-Holstein","women",2011,811745,0.985900284375341,-0.9,-0.9,-0.300000000000001,0.0999999999999996,NA,NA,NA,NA,NA,NA,NA,NA
"Schleswig-Holstein","women",2012,809282,1.09048195553234,-2,-2,-0.9,-0.300000000000001,0.0999999999999996,NA,NA,NA,NA,NA,NA,NA
"Schleswig-Holstein","women",2013,807909,1.3071466306446,0,0,-2,-0.9,-0.300000000000001,0.0999999999999996,NA,NA,NA,NA,NA,NA
"Schleswig-Holstein","women",2014,811695,1.4143371641797,1,1,0,-2,-0.9,-0.300000000000001,0.0999999999999996,NA,NA,NA,NA,NA
"Schleswig-Holstein","women",2015,814926,1.5232965711359,0.800000000000001,0.800000000000001,1,0,-2,-0.9,-0.300000000000001,0.0999999999999996,NA,NA,NA,NA
"Schleswig-Holstein","women",2016,819196,1.62217029875238,0.5,0.5,0.800000000000001,1,0,-2,-0.9,-0.300000000000001,0.0999999999999996,NA,NA,NA
"Schleswig-Holstein","women",2017,824554,1.65841859055749,0.0999999999999996,0.0999999999999996,0.5,0.800000000000001,1,0,-2,-0.9,-0.300000000000001,0.0999999999999996,NA,NA
"Schleswig-Holstein","women",2018,825494,1.68045341935106,1.1,1.1,0.0999999999999996,0.5,0.800000000000001,1,0,-2,-0.9,-0.300000000000001,0.0999999999999996,NA
"Schleswig-Holstein","women",2019,824432,1.68252930078806,1.4,1.4,1.1,0.0999999999999996,0.5,0.800000000000001,1,0,-2,-0.9,-0.300000000000001,0.0999999999999996
"Schleswig-Holstein","women",2020,826584,1.48479820130991,2.1,2.1,1.4,1.1,0.0999999999999996,0.5,0.800000000000001,1,0,-2,-0.9,-0.300000000000001
"Schleswig-Holstein","women",2021,825107,1.47151016600119,2.1,2.1,2.1,1.4,1.1,0.0999999999999996,0.5,0.800000000000001,1,0,-2,-0.9
"Thüringen","men",2009,651158,1.34716452064694,-4.7,-4.7,NA,NA,NA,NA,NA,NA,NA,NA,NA,NA
"Thüringen","men",2010,642220,1.45447148483506,-4.3,-4.3,-4.7,NA,NA,NA,NA,NA,NA,NA,NA,NA
"Thüringen","men",2011,634432,1.50492888609208,-5.4,-5.4,-4.3,-4.7,NA,NA,NA,NA,NA,NA,NA,NA
"Thüringen","men",2012,626243,1.46400288626756,-4.3,-4.3,-5.4,-4.3,-4.7,NA,NA,NA,NA,NA,NA,NA
"Thüringen","men",2013,619029,1.73279082348571,-2.5,-2.5,-4.3,-5.4,-4.3,-4.7,NA,NA,NA,NA,NA,NA
"Thüringen","men",2014,614198,2.08126364309995,-2.9,-2.9,-2.5,-4.3,-5.4,-4.3,-4.7,NA,NA,NA,NA,NA
"Thüringen","men",2015,609232,2.52245018363237,-2.9,-2.9,-2.9,-2.5,-4.3,-5.4,-4.3,-4.7,NA,NA,NA,NA
"Thüringen","men",2016,606799,2.97078961374217,-2.1,-2.1,-2.9,-2.9,-2.5,-4.3,-5.4,-4.3,-4.7,NA,NA,NA
"Thüringen","men",2017,604110,3.57662035243461,-0.699999999999999,-0.699999999999999,-2.1,-2.9,-2.9,-2.5,-4.3,-5.4,-4.3,-4.7,NA,NA
"Thüringen","men",2018,599489,4.07952505427686,-1.7,-1.7,-0.699999999999999,-2.1,-2.9,-2.9,-2.5,-4.3,-5.4,-4.3,-4.7,NA
"Thüringen","men",2019,592688,4.5497351632354,-2,-2,-1.7,-0.699999999999999,-2.1,-2.9,-2.9,-2.5,-4.3,-5.4,-4.3,-4.7
"Thüringen","men",2020,587937,4.67331515348895,-1.8,-1.8,-2,-1.7,-0.699999999999999,-2.1,-2.9,-2.9,-2.5,-4.3,-5.4,-4.3
"Thüringen","men",2021,579344,4.81691661231052,-1.1,-1.1,-1.8,-2,-1.7,-0.699999999999999,-2.1,-2.9,-2.9,-2.5,-4.3,-5.4
"Thüringen","total",2009,1305983,1.17857190963871,-4.7,-4.7,NA,NA,NA,NA,NA,NA,NA,NA,NA,NA
"Thüringen","total",2010,1288247,1.27739173574311,-4.3,-4.3,-4.7,NA,NA,NA,NA,NA,NA,NA,NA,NA
"Thüringen","total",2011,1273881,1.28378398473272,-5.4,-5.4,-4.3,-4.7,NA,NA,NA,NA,NA,NA,NA,NA
"Thüringen","total",2012,1256966,1.26247647014008,-4.3,-4.3,-5.4,-4.3,-4.7,NA,NA,NA,NA,NA,NA,NA
"Thüringen","total",2013,1241695,1.50309316006237,-2.5,-2.5,-4.3,-5.4,-4.3,-4.7,NA,NA,NA,NA,NA,NA
"Thüringen","total",2014,1229793,1.7812625450811,-2.9,-2.9,-2.5,-4.3,-5.4,-4.3,-4.7,NA,NA,NA,NA,NA
"Thüringen","total",2015,1217835,2.17766851594095,-2.9,-2.9,-2.9,-2.5,-4.3,-5.4,-4.3,-4.7,NA,NA,NA,NA
"Thüringen","total",2016,1208966,2.45729416309226,-2.1,-2.1,-2.9,-2.9,-2.5,-4.3,-5.4,-4.3,-4.7,NA,NA,NA
"Thüringen","total",2017,1199467,2.98410007742148,-0.699999999999999,-0.699999999999999,-2.1,-2.9,-2.9,-2.5,-4.3,-5.4,-4.3,-4.7,NA,NA
"Thüringen","total",2018,1185889,3.41291785698498,-1.7,-1.7,-0.699999999999999,-2.1,-2.9,-2.9,-2.5,-4.3,-5.4,-4.3,-4.7,NA
"Thüringen","total",2019,1171539,3.76290290700184,-2,-2,-1.7,-0.699999999999999,-2.1,-2.9,-2.9,-2.5,-4.3,-5.4,-4.3,-4.7
"Thüringen","total",2020,1159856,3.9380829378128,-1.8,-1.8,-2,-1.7,-0.699999999999999,-2.1,-2.9,-2.9,-2.5,-4.3,-5.4,-4.3
"Thüringen","total",2021,1141790,4.02627558820627,-1.1,-1.1,-1.8,-2,-1.7,-0.699999999999999,-2.1,-2.9,-2.9,-2.5,-4.3,-5.4
"Thüringen","women",2009,654825,0.887409089304688,-4.7,-4.7,NA,NA,NA,NA,NA,NA,NA,NA,NA,NA
"Thüringen","women",2010,646027,0.980143516974835,-4.3,-4.3,-4.7,NA,NA,NA,NA,NA,NA,NA,NA,NA
"Thüringen","women",2011,639449,0.900075780133132,-5.4,-5.4,-4.3,-4.7,NA,NA,NA,NA,NA,NA,NA,NA
"Thüringen","women",2012,630723,0.923214282167685,-4.3,-4.3,-5.4,-4.3,-4.7,NA,NA,NA,NA,NA,NA,NA
"Thüringen","women",2013,622666,1.12504993254565,-2.5,-2.5,-4.3,-5.4,-4.3,-4.7,NA,NA,NA,NA,NA,NA
"Thüringen","women",2014,615595,1.28917976816111,-2.9,-2.9,-2.5,-4.3,-5.4,-4.3,-4.7,NA,NA,NA,NA,NA
"Thüringen","women",2015,608603,1.62995930991974,-2.9,-2.9,-2.9,-2.5,-4.3,-5.4,-4.3,-4.7,NA,NA,NA,NA
"Thüringen","women",2016,602167,1.61817009932797,-2.1,-2.1,-2.9,-2.9,-2.5,-4.3,-5.4,-4.3,-4.7,NA,NA,NA
"Thüringen","women",2017,595357,2.02381741989436,-0.699999999999999,-0.699999999999999,-2.1,-2.9,-2.9,-2.5,-4.3,-5.4,-4.3,-4.7,NA,NA
"Thüringen","women",2018,586400,2.33879329127473,-1.7,-1.7,-0.699999999999999,-2.1,-2.9,-2.9,-2.5,-4.3,-5.4,-4.3,-4.7,NA
"Thüringen","women",2019,578851,2.51349857639367,-2,-2,-1.7,-0.699999999999999,-2.1,-2.9,-2.9,-2.5,-4.3,-5.4,-4.3,-4.7
"Thüringen","women",2020,571919,2.79449891452601,-1.8,-1.8,-2,-1.7,-0.699999999999999,-2.1,-2.9,-2.9,-2.5,-4.3,-5.4,-4.3
"Thüringen","women",2021,562446,2.81471564970117,-1.1,-1.1,-1.8,-2,-1.7,-0.699999999999999,-2.1,-2.9,-2.9,-2.5,-4.3,-5.4
